ts, humidity, pm10, pm25, temp
2019-05-03T14:16:00Z,44.9,4,3,23.7
2019-05-03T14:17:00Z,44.96,5,4,23.71
2019-05-03T14:19:00Z,44.96,5,4,23.75
2019-05-03T14:19:00Z,44.96,5,4,23.75
2019-05-03T14:20:00Z,44.77,4,3,23.78
2019-05-03T14:21:00Z,44.92,6,4,23.78
2019-05-03T14:22:00Z,45.3,4,4,23.81
2019-05-03T14:23:00Z,45.09,4,4,23.84
2019-05-03T14:24:00Z,44.91,3,3,23.86
2019-05-03T14:25:00Z,44.74,4,3,23.89
2019-05-03T14:26:00Z,44.83,3,3,23.91
2019-05-03T14:27:00Z,44.81,3,3,23.94
2019-05-03T14:28:00Z,44.6,3,3,23.97
2019-05-03T14:29:00Z,44.6,4,3,24
2019-05-03T14:30:00Z,44.56,4,4,24.03
2019-05-03T14:31:00Z,44.52,3,3,24.05
2019-05-03T14:32:00Z,44.44,4,4,24.08
2019-05-03T14:33:00Z,44.56,4,3,24.09
2019-05-03T14:34:00Z,44.36,4,4,24.11
2019-05-03T14:35:00Z,44.34,4,4,24.14
2019-05-03T14:36:00Z,44.19,3,3,24.16
2019-05-03T14:37:00Z,44.2,4,3,24.16
2019-05-03T14:38:00Z,44.17,4,3,24.17
2019-05-03T14:38:00Z,44.17,4,3,24.17
2019-05-03T14:40:00Z,43.98,3,3,24.2
2019-05-03T14:40:00Z,43.98,3,3,24.2
2019-05-03T14:42:00Z,44.09,4,3,24.23
2019-05-03T14:43:00Z,44.07,3,3,24.24
2019-05-03T14:44:00Z,44.13,4,3,24.24
2019-05-03T14:45:00Z,44,3,3,24.24
2019-05-03T14:46:00Z,44.16,3,3,24.26
2019-05-03T14:47:00Z,44.07,3,3,24.28
2019-05-03T14:48:00Z,44.03,4,3,24.29
2019-05-03T14:49:00Z,43.95,3,3,24.3
2019-05-03T14:50:00Z,43.79,4,3,24.31
2019-05-03T14:50:00Z,43.79,4,3,24.31
2019-05-03T14:52:00Z,44.13,3,2,24.34
2019-05-03T14:52:00Z,44.13,3,2,24.34
2019-05-03T14:54:00Z,43.83,3,3,24.39
2019-05-03T14:55:00Z,43.97,4,3,24.41
2019-05-03T14:56:00Z,43.75,3,3,24.45
2019-05-03T14:57:00Z,43.64,4,3,24.47
2019-05-03T14:58:00Z,43.64,4,4,24.48
2019-05-03T14:59:00Z,43.61,4,3,24.49
2019-05-03T15:00:00Z,43.71,3,2,24.49
2019-05-03T15:01:00Z,43.13,4,3,24.68
2019-05-03T15:02:00Z,43.17,3,3,24.66
2019-05-03T15:03:00Z,43.24,2,2,24.62
2019-05-03T15:04:00Z,43.32,3,3,24.59
2019-05-03T15:05:00Z,43.36,4,3,24.56
2019-05-03T15:06:00Z,43.39,2,2,24.55
2019-05-03T15:07:00Z,43.32,4,2,24.53
2019-05-03T15:08:00Z,43.36,4,2,24.51
2019-05-03T15:09:00Z,43.55,5,4,24.49
2019-05-03T15:10:00Z,43.42,3,3,24.48
2019-05-03T15:11:00Z,43.46,3,3,24.48
2019-05-03T15:12:00Z,43.54,3,2,24.47
2019-05-03T15:13:00Z,43.55,3,1,24.48
2019-05-03T15:14:00Z,43.42,4,3,24.47
2019-05-03T15:15:00Z,43.38,4,4,24.47
2019-05-03T15:16:00Z,43.46,3,2,24.47
2019-05-03T15:17:00Z,43.56,4,3,24.45
2019-05-03T15:18:00Z,44.03,3,2,24.31
2019-05-03T15:19:00Z,43.74,4,3,24.49
2019-05-03T15:20:00Z,43.34,4,3,24.64
2019-05-03T15:21:00Z,42.98,2,1,24.75
2019-05-03T15:22:00Z,43,1,0,24.81
2019-05-03T15:23:00Z,42.89,4,3,24.83
2019-05-03T15:24:00Z,42.82,3,3,24.85
2019-05-03T15:25:00Z,42.8,4,3,24.85
2019-05-03T15:26:00Z,42.83,3,1,24.85
2019-05-03T15:26:00Z,42.83,3,1,24.85
2019-05-03T15:28:00Z,42.75,3,3,24.85
2019-05-03T15:29:00Z,42.8,4,2,24.84
2019-05-03T15:30:00Z,42.71,4,3,24.84
2019-05-03T15:31:00Z,42.78,0,0,24.81
2019-05-03T15:32:00Z,42.8,0,0,24.79
2019-05-03T15:33:00Z,42.92,0,0,24.77
2019-05-03T15:34:00Z,42.9,0,0,24.75
2019-05-03T15:35:00Z,42.91,0,0,24.72
2019-05-03T15:36:00Z,42.97,0,0,24.69
2019-05-03T15:37:00Z,43.05,0,0,24.65
2019-05-03T15:38:00Z,43.03,0,0,24.62
2019-05-03T15:39:00Z,43.18,0,0,24.59
2019-05-03T15:40:00Z,43.16,0,0,24.57
2019-05-03T15:40:00Z,43.16,0,0,24.57
2019-05-03T15:42:00Z,43.17,3,1,24.53
2019-05-03T15:43:00Z,43.33,3,0,24.53
2019-05-03T15:44:00Z,43.31,3,2,24.5
2019-05-03T15:45:00Z,43.25,1,1,24.49
2019-05-03T15:46:00Z,43.42,5,4,24.45
2019-05-03T15:47:00Z,43.72,9,4,24.39
2019-05-03T15:48:00Z,43.58,2,1,24.37
2019-05-03T15:49:00Z,43.53,4,3,24.36
2019-05-03T15:50:00Z,43.69,4,3,24.33
2019-05-03T15:51:00Z,43.64,4,3,24.31
2019-05-03T15:51:00Z,43.64,4,3,24.31
2019-05-03T15:53:00Z,43.73,2,2,24.27
2019-05-03T15:54:00Z,43.61,5,3,24.26
2019-05-03T15:54:00Z,43.61,5,3,24.26
2019-05-03T15:56:00Z,43.61,0,0,24.22
2019-05-03T15:57:00Z,43.57,0,0,24.2
2019-05-03T15:58:00Z,43.63,2,2,24.18
2019-05-03T15:59:00Z,43.61,0,0,24.16
2019-05-03T16:00:00Z,43.65,0,0,24.13
2019-05-03T16:01:00Z,43.73,0,0,24.11
2019-05-03T16:02:00Z,43.7,0,0,24.09
2019-05-03T16:03:00Z,43.78,1,0,24.07
2019-05-03T16:04:00Z,43.8,1,1,24.04
2019-05-03T16:05:00Z,43.79,0,0,24.01
2019-05-03T16:06:00Z,43.84,0,0,23.99
2019-05-03T16:07:00Z,43.86,0,0,23.96
2019-05-03T16:08:00Z,43.91,0,0,23.93
2019-05-03T16:09:00Z,43.9,2,2,23.91
2019-05-03T16:10:00Z,44.01,0,0,23.89
2019-05-03T16:11:00Z,44.06,0,0,23.85
2019-05-03T16:12:00Z,44.15,0,0,23.81
2019-05-03T16:13:00Z,44.29,0,0,23.79
2019-05-03T16:13:00Z,44.29,0,0,23.79
2019-05-03T16:15:00Z,44.38,0,0,23.72
2019-05-03T16:16:00Z,44.56,4,2,23.68
2019-05-03T16:17:00Z,44.56,4,2,23.67
2019-05-03T16:18:00Z,44.73,6,3,23.66
2019-05-03T16:19:00Z,44.57,4,3,23.67
2019-05-03T16:20:00Z,44.68,5,3,23.67
2019-05-03T16:21:00Z,44.85,4,4,23.67
2019-05-03T16:22:00Z,44.63,5,4,23.67
2019-05-03T16:23:00Z,44.72,5,4,23.64
2019-05-03T16:24:00Z,44.73,4,2,23.64
2019-05-03T16:25:00Z,44.74,4,1,23.64
2019-05-03T16:26:00Z,44.87,3,2,23.67
2019-05-03T16:27:00Z,44.65,2,2,23.7
2019-05-03T16:28:00Z,44.62,5,2,23.74
2019-05-03T16:29:00Z,44.47,4,3,23.78
2019-05-03T16:30:00Z,44.38,4,2,23.8
2019-05-03T16:31:00Z,44.13,3,2,23.82
2019-05-03T16:32:00Z,44.16,4,1,23.84
2019-05-03T16:33:00Z,44.25,3,1,23.84
2019-05-03T16:34:00Z,44.24,3,2,23.86
2019-05-03T16:35:00Z,44.12,3,2,23.88
2019-05-03T16:36:00Z,44.13,3,1,23.87
2019-05-03T16:37:00Z,44.07,3,3,23.89
2019-05-03T16:38:00Z,44.32,4,2,23.88
2019-05-03T16:39:00Z,44.09,4,1,23.88
2019-05-03T16:40:00Z,44.14,5,3,23.88
2019-05-03T16:41:00Z,44.2,3,1,23.86
2019-05-03T16:42:00Z,44.18,5,1,23.85
2019-05-03T16:43:00Z,44.18,3,2,23.85
2019-05-03T16:44:00Z,44.16,3,3,23.85
2019-05-03T16:45:00Z,44.15,4,1,23.84
2019-05-03T16:46:00Z,44.17,5,3,23.81
2019-05-03T16:47:00Z,44.49,0,0,23.79
2019-05-03T16:48:00Z,44.35,4,3,23.75
2019-05-03T16:49:00Z,44.49,3,2,23.73
2019-05-03T16:50:00Z,44.4,4,3,23.69
2019-05-03T16:51:00Z,44.51,2,2,23.66
2019-05-03T16:52:00Z,44.63,3,1,23.65
2019-05-03T16:53:00Z,44.41,1,1,23.63
2019-05-03T16:55:00Z,44.7,2,2,23.56
2019-05-03T16:55:00Z,44.7,2,2,23.56
2019-05-03T16:56:00Z,44.64,3,1,23.53
2019-05-03T16:57:00Z,44.64,3,2,23.5
2019-05-03T16:58:00Z,44.92,3,3,23.48
2019-05-03T16:59:00Z,44.82,2,0,23.44
2019-05-03T17:00:00Z,44.73,3,3,23.42
2019-05-03T17:01:00Z,44.93,1,1,23.39
2019-05-03T17:02:00Z,45.01,2,2,23.36
2019-05-03T17:03:00Z,44.94,0,0,23.33
2019-05-03T17:04:00Z,45.13,0,0,23.3
2019-05-03T17:06:00Z,45.04,0,0,23.22
2019-05-03T17:06:00Z,45.04,0,0,23.22
2019-05-03T17:07:00Z,45.1,0,0,23.18
2019-05-03T17:08:00Z,45.14,0,0,23.15
2019-05-03T17:09:00Z,45.19,0,0,23.12
2019-05-03T17:10:00Z,45.23,0,0,23.09
2019-05-03T17:11:00Z,45.25,0,0,23.06
2019-05-03T17:12:00Z,45.3,0,0,23.03
2019-05-03T17:13:00Z,45.34,1,1,22.99
2019-05-03T17:14:00Z,45.45,0,0,22.96
2019-05-03T17:15:00Z,45.5,1,0,22.92
2019-05-03T17:16:00Z,45.6,4,1,22.88
2019-05-03T17:17:00Z,45.62,1,1,22.84
2019-05-03T17:18:00Z,45.71,1,1,22.8
2019-05-03T17:19:00Z,45.88,3,1,22.76
2019-05-03T17:20:00Z,45.99,3,2,22.71
2019-05-03T17:21:00Z,45.96,1,1,22.68
2019-05-03T17:22:00Z,46.15,1,0,22.67
2019-05-03T17:23:00Z,46,1,1,22.64
2019-05-03T17:24:00Z,46.05,0,0,22.62
2019-05-03T17:25:00Z,46.08,1,0,22.62
2019-05-03T17:26:00Z,46.06,3,1,22.59
2019-05-03T17:27:00Z,46.11,4,1,22.56
2019-05-03T17:28:00Z,46.3,2,1,22.55
2019-05-03T17:29:00Z,46.3,3,1,22.52
2019-05-03T17:30:00Z,46.29,1,1,22.49
2019-05-03T17:31:00Z,46.3,0,0,22.47
2019-05-03T17:33:00Z,46.38,0,0,22.41
2019-05-03T17:33:00Z,46.38,0,0,22.41
2019-05-03T17:34:00Z,46.42,0,0,22.38
2019-05-03T17:35:00Z,46.45,0,0,22.35
2019-05-03T17:36:00Z,46.48,0,0,22.32
2019-05-03T17:37:00Z,46.54,0,0,22.29
2019-05-03T17:39:00Z,46.63,0,0,22.23
2019-05-03T17:39:00Z,46.63,0,0,22.23
2019-05-03T17:40:00Z,46.68,0,0,22.22
2019-05-03T17:41:00Z,46.68,0,0,22.19
2019-05-03T17:43:00Z,46.83,0,0,22.13
2019-05-03T17:43:00Z,46.83,0,0,22.13
2019-05-03T17:44:00Z,46.85,0,0,22.1
2019-05-03T17:46:00Z,47.04,0,0,22.04
2019-05-03T17:47:00Z,47.04,0,0,22.01
2019-05-03T17:47:00Z,47.04,0,0,22.01
2019-05-03T17:49:00Z,47.09,0,0,21.95
2019-05-03T17:49:00Z,47.09,0,0,21.95
2019-05-03T17:50:00Z,47.16,0,0,21.94
2019-05-03T17:51:00Z,47.08,0,0,21.91
2019-05-03T17:52:00Z,47.15,0,0,21.89
2019-05-03T17:53:00Z,47.19,0,0,21.87
2019-05-03T17:54:00Z,47.32,0,0,21.84
2019-05-03T17:55:00Z,47.4,0,0,21.82
2019-05-03T17:56:00Z,47.29,0,0,21.81
2019-05-03T17:57:00Z,47.49,0,0,21.78
2019-05-03T17:58:00Z,47.55,0,0,21.76
2019-05-03T17:59:00Z,47.45,0,0,21.74
2019-05-03T18:00:00Z,47.38,0,0,21.73
2019-05-03T18:01:00Z,47.38,0,0,21.7
2019-05-03T18:02:00Z,47.43,0,0,21.66
2019-05-03T18:03:00Z,47.49,0,0,21.62
2019-05-03T18:04:00Z,47.59,0,0,21.59
2019-05-03T18:05:00Z,47.6,1,1,21.55
2019-05-03T18:06:00Z,47.7,0,0,21.51
2019-05-03T18:07:00Z,47.78,0,0,21.45
2019-05-03T18:08:00Z,47.87,0,0,21.41
2019-05-03T18:09:00Z,47.95,0,0,21.38
2019-05-03T18:10:00Z,47.97,0,0,21.37
2019-05-03T18:11:00Z,48,0,0,21.34
2019-05-03T18:12:00Z,48.08,0,0,21.31
2019-05-03T18:13:00Z,48.15,1,1,21.28
2019-05-03T18:14:00Z,48.22,0,0,21.25
2019-05-03T18:15:00Z,48.3,0,0,21.22
2019-05-03T18:16:00Z,48.37,0,0,21.17
2019-05-03T18:17:00Z,48.42,0,0,21.15
2019-05-03T18:18:00Z,48.47,0,0,21.12
2019-05-03T18:19:00Z,48.55,0,0,21.09
2019-05-03T18:20:00Z,48.61,0,0,21.07
2019-05-03T18:21:00Z,48.69,0,0,21.04
2019-05-03T18:22:00Z,48.77,0,0,21.02
2019-05-03T18:23:00Z,48.8,0,0,21
2019-05-03T18:24:00Z,48.9,0,0,20.97
2019-05-03T18:25:00Z,48.98,0,0,20.94
2019-05-03T18:26:00Z,49.06,0,0,20.93
2019-05-03T18:27:00Z,49.09,0,0,20.92
2019-05-03T18:28:00Z,49.18,1,1,20.89
2019-05-03T18:29:00Z,49.24,1,1,20.86
2019-05-03T18:30:00Z,49.28,0,0,20.85
2019-05-03T18:31:00Z,49.37,0,0,20.82
2019-05-03T18:32:00Z,49.38,1,1,20.81
2019-05-03T18:34:00Z,49.56,0,0,20.76
2019-05-03T18:34:00Z,49.56,0,0,20.76
2019-05-03T18:35:00Z,49.58,0,0,20.76
2019-05-03T18:36:00Z,49.62,1,1,20.74
2019-05-03T18:37:00Z,49.69,1,1,20.71
2019-05-03T18:38:00Z,49.74,0,0,20.7
2019-05-03T18:39:00Z,49.81,1,1,20.69
2019-05-03T18:40:00Z,49.83,1,1,20.66
2019-05-03T18:41:00Z,49.89,0,0,20.65
2019-05-03T18:42:00Z,49.88,1,1,20.63
2019-05-03T18:43:00Z,49.95,1,1,20.62
2019-05-03T18:44:00Z,49.98,0,0,20.6
2019-05-03T18:45:00Z,50.03,0,0,20.58
2019-05-03T18:46:00Z,50.08,0,0,20.57
2019-05-03T18:47:00Z,50.12,2,2,20.55
2019-05-03T18:48:00Z,50.15,1,1,20.53
2019-05-03T18:49:00Z,50.17,1,1,20.5
2019-05-03T18:50:00Z,50.17,3,3,20.49
2019-05-03T18:51:00Z,50.24,4,4,20.47
2019-05-03T18:52:00Z,50.29,5,5,20.45
2019-05-03T18:53:00Z,50.32,7,6,20.43
2019-05-03T18:54:00Z,50.36,6,6,20.41
2019-05-03T18:55:00Z,50.4,9,7,20.41
2019-05-03T18:56:00Z,50.43,6,6,20.39
2019-05-03T18:57:00Z,50.46,8,8,20.37
2019-05-03T18:58:00Z,50.49,13,13,20.36
2019-05-03T18:59:00Z,50.52,12,10,20.35
2019-05-03T19:00:00Z,50.53,13,12,20.34
2019-05-03T19:01:00Z,50.58,13,12,20.33
2019-05-03T19:02:00Z,50.59,14,12,20.31
2019-05-03T19:03:00Z,50.6,12,11,20.3
2019-05-03T19:04:00Z,50.63,15,13,20.28
2019-05-03T19:05:00Z,50.65,12,12,20.26
2019-05-03T19:12:00Z,50.86,14,13,20.17
2019-05-03T19:12:00Z,50.86,14,13,20.17
2019-05-03T19:13:00Z,50.83,16,15,20.17
2019-05-03T19:14:00Z,50.86,19,16,20.16
2019-05-03T19:15:00Z,50.87,16,15,20.15
2019-05-03T19:16:00Z,50.85,17,15,20.14
2019-05-03T19:17:00Z,50.88,20,18,20.12
2019-05-03T19:18:00Z,50.93,19,17,20.12
2019-05-03T19:19:00Z,50.94,20,18,20.1
2019-05-03T19:20:00Z,50.95,18,15,20.08
2019-05-03T19:21:00Z,50.98,19,18,20.07
2019-05-03T19:22:00Z,51,21,19,20.05
2019-05-03T19:23:00Z,51.03,22,20,20.04
2019-05-03T19:24:00Z,51.07,25,21,20.03
2019-05-03T19:25:00Z,51.07,19,17,20.01
2019-05-03T19:26:00Z,51.11,21,20,20
2019-05-03T19:27:00Z,51.12,22,18,19.98
2019-05-03T19:29:00Z,51.2,21,18,19.96
2019-05-03T19:29:00Z,51.2,21,18,19.96
2019-05-03T19:31:00Z,51.21,23,21,19.93
2019-05-03T19:31:00Z,51.21,23,21,19.93
2019-05-03T19:33:00Z,51.26,19,18,19.91
2019-05-03T19:33:00Z,51.26,19,18,19.91
2019-05-03T19:34:00Z,51.24,26,21,19.9
2019-05-03T19:36:00Z,51.31,18,17,19.87
2019-05-03T19:36:00Z,51.31,18,17,19.87
2019-05-03T19:37:00Z,51.35,24,22,19.85
2019-05-03T19:38:00Z,51.36,20,17,19.84
2019-05-03T19:39:00Z,51.36,19,19,19.83
2019-05-03T19:40:00Z,51.41,21,20,19.82
2019-05-03T19:42:00Z,51.41,22,19,19.79
2019-05-03T19:42:00Z,51.41,22,19,19.79
2019-05-03T19:43:00Z,51.44,20,19,19.78
2019-05-03T19:44:00Z,51.41,20,18,19.77
2019-05-03T19:45:00Z,51.46,25,23,19.76
2019-05-03T19:46:00Z,51.47,22,21,19.75
2019-05-03T19:47:00Z,51.46,15,15,19.74
2019-05-03T19:48:00Z,51.45,24,20,19.73
2019-05-03T19:49:00Z,51.48,19,18,19.73
2019-05-03T19:50:00Z,51.48,22,18,19.7
2019-05-03T19:51:00Z,51.48,21,20,19.7
2019-05-03T19:52:00Z,51.51,19,18,19.69
2019-05-03T19:53:00Z,51.48,22,21,19.68
2019-05-03T19:54:00Z,51.47,22,19,19.67
2019-05-03T19:55:00Z,51.51,20,20,19.66
2019-05-03T19:57:00Z,51.53,18,17,19.65
2019-05-03T19:57:00Z,51.53,18,17,19.65
2019-05-03T19:58:00Z,51.51,23,19,19.64
2019-05-03T20:00:00Z,51.52,24,20,19.61
2019-05-03T20:00:00Z,51.52,24,20,19.61
2019-05-03T20:01:00Z,51.55,22,20,19.61
2019-05-03T20:02:00Z,51.54,19,17,19.6
2019-05-03T20:04:00Z,51.54,23,21,19.58
2019-05-03T20:04:00Z,51.54,23,21,19.58
2019-05-03T20:05:00Z,51.54,20,18,19.57
2019-05-03T20:06:00Z,51.57,20,18,19.56
2019-05-03T20:07:00Z,51.61,18,17,19.54
2019-05-03T20:08:00Z,51.63,21,20,19.53
2019-05-03T20:09:00Z,51.63,17,16,19.52
2019-05-03T20:10:00Z,51.62,19,16,19.51
2019-05-03T20:11:00Z,51.64,20,18,19.49
2019-05-03T20:12:00Z,51.64,21,19,19.49
2019-05-03T20:13:00Z,51.67,19,17,19.48
2019-05-03T20:14:00Z,51.68,18,17,19.47
2019-05-03T20:15:00Z,51.69,20,19,19.46
2019-05-03T20:16:00Z,51.69,15,15,19.45
2019-05-03T20:17:00Z,51.69,18,17,19.44
2019-05-03T20:19:00Z,51.7,17,17,19.42
2019-05-03T20:20:00Z,51.7,21,18,19.41
2019-05-03T20:21:00Z,51.72,16,16,19.4
2019-05-03T20:21:00Z,51.72,16,16,19.4
2019-05-03T20:23:00Z,51.66,17,16,19.39
2019-05-03T20:23:00Z,51.66,17,16,19.39
2019-05-03T20:24:00Z,51.68,17,17,19.38
2019-05-03T20:25:00Z,51.69,16,16,19.37
2019-05-03T20:27:00Z,51.71,17,16,19.35
2019-05-03T20:28:00Z,51.71,18,16,19.35
2019-05-03T20:28:00Z,51.71,18,16,19.35
2019-05-03T20:29:00Z,51.72,17,15,19.34
2019-05-03T20:30:00Z,51.75,15,14,19.33
2019-05-03T20:31:00Z,51.71,16,16,19.32
2019-05-03T20:32:00Z,51.71,20,18,19.32
2019-05-03T20:33:00Z,51.69,19,19,19.3
2019-05-03T20:34:00Z,51.71,22,18,19.3
2019-05-03T20:35:00Z,51.7,17,16,19.29
2019-05-03T20:36:00Z,51.73,16,15,19.28
2019-05-03T20:37:00Z,51.7,18,17,19.27
2019-05-03T20:38:00Z,51.73,16,14,19.26
2019-05-03T20:39:00Z,51.74,17,15,19.24
2019-05-03T20:40:00Z,51.73,13,13,19.24
2019-05-03T20:41:00Z,51.73,23,18,19.23
2019-05-03T20:42:00Z,51.71,16,16,19.22
2019-05-03T20:43:00Z,51.72,17,17,19.2
2019-05-03T20:44:00Z,51.76,13,13,19.21
2019-05-03T20:46:00Z,51.74,12,12,19.19
2019-05-03T20:46:00Z,51.74,12,12,19.19
2019-05-03T20:48:00Z,51.7,17,16,19.16
2019-05-03T20:48:00Z,51.7,17,16,19.16
2019-05-03T20:49:00Z,51.73,14,13,19.16
2019-05-03T20:50:00Z,51.73,18,15,19.14
2019-05-03T20:52:00Z,51.76,16,15,19.12
2019-05-03T20:53:00Z,51.77,16,15,19.1
2019-05-03T20:54:00Z,51.76,15,15,19.1
2019-05-03T20:54:00Z,51.76,15,15,19.1
2019-05-03T20:55:00Z,51.75,14,13,19.08
2019-05-03T20:56:00Z,51.75,17,15,19.08
2019-05-03T20:57:00Z,51.73,13,13,19.06
2019-05-03T20:58:00Z,51.76,15,15,19.05
2019-05-03T20:59:00Z,51.76,9,9,19.05
2019-05-03T21:00:00Z,51.73,14,13,19.04
2019-05-03T21:01:00Z,51.72,16,15,19.04
2019-05-03T21:02:00Z,51.75,12,12,19.03
2019-05-03T21:03:00Z,51.74,13,13,19.02
2019-05-03T21:04:00Z,51.73,15,13,19.01
2019-05-03T21:05:00Z,51.71,14,14,19
2019-05-03T21:06:00Z,51.72,12,12,18.99
2019-05-03T21:07:00Z,51.73,12,12,18.98
2019-05-03T21:08:00Z,51.71,12,12,18.98
2019-05-03T21:09:00Z,51.74,12,12,18.97
2019-05-03T21:11:00Z,51.75,13,13,18.95
2019-05-03T21:12:00Z,51.73,13,13,18.93
2019-05-03T21:12:00Z,51.73,13,13,18.93
2019-05-03T21:13:00Z,51.71,13,13,18.92
2019-05-03T21:14:00Z,51.72,13,12,18.92
2019-05-03T21:15:00Z,51.72,12,12,18.91
2019-05-03T21:16:00Z,51.75,13,13,18.89
2019-05-03T21:17:00Z,51.72,13,13,18.89
2019-05-03T21:18:00Z,51.66,14,14,18.89
2019-05-03T21:19:00Z,51.68,13,12,18.88
2019-05-03T21:20:00Z,51.7,13,13,18.87
2019-05-03T21:21:00Z,51.73,9,9,18.86
2019-05-03T21:23:00Z,51.69,13,13,18.85
2019-05-03T21:23:00Z,51.69,13,13,18.85
2019-05-03T21:25:00Z,51.7,12,12,18.83
2019-05-03T21:25:00Z,51.7,12,12,18.83
2019-05-03T21:27:00Z,51.7,9,9,18.82
2019-05-03T21:28:00Z,51.69,12,11,18.82
2019-05-03T21:28:00Z,51.69,12,11,18.82
2019-05-03T21:30:00Z,51.71,11,11,18.79
2019-05-03T21:30:00Z,51.71,11,11,18.79
2019-05-03T21:31:00Z,51.68,11,11,18.79
2019-05-03T21:32:00Z,51.68,10,10,18.79
2019-05-03T21:33:00Z,51.66,12,12,18.78
2019-05-03T21:35:00Z,51.67,8,8,18.77
2019-05-03T21:35:00Z,51.67,8,8,18.77
2019-05-03T21:36:00Z,51.67,14,13,18.76
2019-05-03T21:37:00Z,51.66,12,11,18.75
2019-05-03T21:39:00Z,51.67,12,11,18.74
2019-05-03T21:39:00Z,51.67,12,11,18.74
2019-05-03T21:40:00Z,51.71,11,11,18.72
2019-05-03T21:41:00Z,51.74,14,13,18.71
2019-05-03T21:43:00Z,51.73,12,12,18.69
2019-05-03T21:44:00Z,51.74,10,10,18.68
2019-05-03T21:45:00Z,51.75,9,9,18.67
2019-05-03T21:46:00Z,51.74,8,7,18.66
2019-05-03T21:46:00Z,51.74,8,7,18.66
2019-05-03T21:47:00Z,51.73,11,11,18.66
2019-05-03T21:48:00Z,51.73,12,11,18.65
2019-05-03T21:49:00Z,51.73,12,12,18.65
2019-05-03T21:50:00Z,51.74,10,9,18.63
2019-05-03T21:51:00Z,51.76,7,7,18.62
2019-05-03T21:53:00Z,51.79,12,11,18.61
2019-05-03T21:53:00Z,51.79,12,11,18.61
2019-05-03T21:54:00Z,51.76,7,7,18.59
2019-05-03T21:55:00Z,51.75,11,11,18.59
2019-05-03T21:57:00Z,51.75,13,13,18.58
2019-05-03T21:57:00Z,51.75,13,13,18.58
2019-05-03T21:58:00Z,51.73,11,10,18.57
2019-05-03T21:59:00Z,51.77,10,10,18.56
2019-05-03T22:00:00Z,51.74,9,9,18.55
2019-05-03T22:02:00Z,51.75,10,10,18.53
2019-05-03T22:02:00Z,51.75,10,10,18.53
2019-05-03T22:03:00Z,51.75,11,10,18.53
2019-05-03T22:04:00Z,51.76,12,11,18.52
2019-05-03T22:05:00Z,51.77,10,10,18.52
2019-05-03T22:06:00Z,51.8,10,10,18.51
2019-05-03T22:08:00Z,51.74,8,8,18.49
2019-05-03T22:08:00Z,51.74,8,8,18.49
2019-05-03T22:09:00Z,51.75,10,10,18.48
2019-05-03T22:10:00Z,51.76,8,8,18.48
2019-05-03T22:12:00Z,51.79,10,9,18.47
2019-05-03T22:12:00Z,51.79,10,9,18.47
2019-05-03T22:13:00Z,51.76,10,10,18.46
2019-05-03T22:14:00Z,51.72,9,8,18.46
2019-05-03T22:16:00Z,51.78,7,7,18.43
2019-05-03T22:17:00Z,51.81,9,8,18.42
2019-05-03T22:17:00Z,51.81,9,8,18.42
2019-05-03T22:18:00Z,51.81,12,10,18.41
2019-05-03T22:19:00Z,51.8,11,11,18.4
2019-05-03T22:20:00Z,51.79,8,8,18.4
2019-05-03T22:21:00Z,51.79,8,8,18.39
2019-05-03T22:22:00Z,51.78,8,7,18.38
2019-05-03T22:23:00Z,51.8,8,7,18.37
2019-05-03T22:24:00Z,51.8,9,9,18.36
2019-05-03T22:26:00Z,51.78,10,9,18.35
2019-05-03T22:26:00Z,51.78,10,9,18.35
2019-05-03T22:28:00Z,51.82,6,6,18.34
2019-05-03T22:28:00Z,51.82,6,6,18.34
2019-05-03T22:29:00Z,51.82,8,8,18.33
2019-05-03T22:30:00Z,51.82,9,9,18.33
2019-05-03T22:32:00Z,51.84,9,8,18.32
2019-05-03T22:32:00Z,51.84,9,8,18.32
2019-05-03T22:33:00Z,51.82,8,8,18.31
2019-05-03T22:34:00Z,51.8,4,4,18.3
2019-05-03T22:36:00Z,51.8,9,9,18.31
2019-05-03T22:36:00Z,51.8,9,9,18.31
2019-05-03T22:38:00Z,51.79,6,6,18.29
2019-05-03T22:38:00Z,51.79,6,6,18.29
2019-05-03T22:40:00Z,51.79,8,8,18.28
2019-05-03T22:41:00Z,51.81,8,8,18.27
2019-05-03T22:41:00Z,51.81,8,8,18.27
2019-05-03T22:43:00Z,51.83,5,5,18.25
2019-05-03T22:43:00Z,51.83,5,5,18.25
2019-05-03T22:45:00Z,51.83,8,7,18.24
2019-05-03T22:45:00Z,51.83,8,7,18.24
2019-05-03T22:46:00Z,51.85,9,8,18.23
2019-05-03T22:47:00Z,51.84,8,8,18.21
2019-05-03T22:48:00Z,51.85,6,6,18.2
2019-05-03T22:50:00Z,51.87,8,7,18.19
2019-05-03T22:50:00Z,51.87,8,7,18.19
2019-05-03T22:51:00Z,51.88,9,9,18.19
2019-05-03T22:53:00Z,51.84,8,8,18.17
2019-05-03T22:53:00Z,51.84,8,8,18.17
2019-05-03T22:54:00Z,51.85,9,8,18.16
2019-05-03T22:55:00Z,51.88,7,7,18.16
2019-05-03T22:56:00Z,51.87,7,7,18.15
2019-05-03T22:58:00Z,51.88,7,7,18.13
2019-05-03T22:58:00Z,51.88,7,7,18.13
2019-05-03T22:59:00Z,51.87,9,9,18.13
2019-05-03T23:00:00Z,51.89,7,7,18.12
2019-05-03T23:01:00Z,51.89,8,7,18.12
2019-05-03T23:03:00Z,51.86,7,7,18.1
2019-05-03T23:04:00Z,51.85,7,7,18.09
2019-05-03T23:04:00Z,51.85,7,7,18.09
2019-05-03T23:05:00Z,51.85,6,6,18.09
2019-05-03T23:06:00Z,51.88,6,6,18.08
2019-05-03T23:07:00Z,51.87,6,6,18.07
2019-05-03T23:08:00Z,51.88,6,6,18.06
2019-05-03T23:10:00Z,51.88,6,6,18.05
2019-05-03T23:11:00Z,51.89,6,6,18.04
2019-05-03T23:11:00Z,51.89,6,6,18.04
2019-05-03T23:12:00Z,51.88,7,7,18.03
2019-05-03T23:13:00Z,51.89,6,6,18.03
2019-05-03T23:14:00Z,51.88,6,6,18.03
2019-05-03T23:15:00Z,51.85,7,7,18.02
2019-05-03T23:16:00Z,51.85,7,7,18.02
2019-05-03T23:18:00Z,51.88,6,6,18.01
2019-05-03T23:18:00Z,51.88,6,6,18.01
2019-05-03T23:20:00Z,51.86,6,6,17.99
2019-05-03T23:20:00Z,51.86,6,6,17.99
2019-05-03T23:22:00Z,51.86,6,6,17.99
2019-05-03T23:22:00Z,51.86,6,6,17.99
2019-05-03T23:23:00Z,51.84,7,7,17.98
2019-05-03T23:24:00Z,51.84,7,7,17.97
2019-05-03T23:25:00Z,51.86,5,5,17.97
2019-05-03T23:26:00Z,51.88,4,4,17.95
2019-05-03T23:28:00Z,51.87,6,6,17.94
2019-05-03T23:28:00Z,51.87,6,6,17.94
2019-05-03T23:29:00Z,51.89,6,6,17.93
2019-05-03T23:30:00Z,51.88,7,7,17.92
2019-05-03T23:32:00Z,51.91,6,6,17.9
2019-05-03T23:33:00Z,51.91,5,5,17.89
2019-05-03T23:33:00Z,51.91,5,5,17.89
2019-05-03T23:34:00Z,51.91,6,6,17.89
2019-05-03T23:35:00Z,51.9,6,6,17.88
2019-05-03T23:36:00Z,51.92,5,5,17.87
2019-05-03T23:38:00Z,51.96,8,7,17.86
2019-05-03T23:38:00Z,51.96,8,7,17.86
2019-05-03T23:39:00Z,51.95,6,6,17.85
2019-05-03T23:40:00Z,51.95,5,5,17.84
2019-05-03T23:41:00Z,51.92,5,5,17.83
2019-05-03T23:42:00Z,51.93,7,7,17.83
2019-05-03T23:43:00Z,51.93,4,4,17.83
2019-05-03T23:44:00Z,51.94,8,8,17.82
2019-05-03T23:46:00Z,51.93,5,5,17.81
2019-05-03T23:46:00Z,51.93,5,5,17.81
2019-05-03T23:47:00Z,51.96,7,7,17.8
2019-05-03T23:48:00Z,51.96,6,5,17.79
2019-05-03T23:49:00Z,51.95,6,6,17.78
2019-05-03T23:50:00Z,51.95,5,5,17.78
2019-05-03T23:51:00Z,51.95,7,6,17.77
2019-05-03T23:53:00Z,51.96,6,6,17.76
2019-05-03T23:54:00Z,51.94,4,4,17.75
2019-05-03T23:55:00Z,51.95,5,5,17.75
2019-05-03T23:56:00Z,51.96,5,4,17.73
2019-05-03T23:57:00Z,51.98,6,6,17.73
2019-05-03T23:58:00Z,51.99,4,4,17.72
2019-05-03T23:58:00Z,51.99,4,4,17.72
2019-05-03T23:59:00Z,51.95,5,5,17.71
2019-05-04T00:00:00Z,51.95,6,6,17.71
2019-05-04T00:01:00Z,51.96,5,5,17.71
2019-05-04T00:02:00Z,51.97,5,5,17.69
2019-05-04T00:03:00Z,51.99,6,6,17.69
2019-05-04T00:04:00Z,51.98,6,5,17.69
2019-05-04T00:05:00Z,51.97,3,3,17.68
2019-05-04T00:06:00Z,52,4,4,17.67
2019-05-04T00:07:00Z,52.01,4,4,17.66
2019-05-04T00:08:00Z,51.98,6,6,17.66
2019-05-04T00:10:00Z,52,4,4,17.64
2019-05-04T00:10:00Z,52,4,4,17.64
2019-05-04T00:11:00Z,51.99,3,3,17.64
2019-05-04T00:13:00Z,51.96,4,4,17.63
2019-05-04T00:13:00Z,51.96,4,4,17.63
2019-05-04T00:14:00Z,51.98,5,5,17.62
2019-05-04T00:15:00Z,51.98,4,4,17.62
2019-05-04T00:17:00Z,51.94,1,1,17.6
2019-05-04T00:17:00Z,51.94,1,1,17.6
2019-05-04T00:18:00Z,51.97,4,4,17.6
2019-05-04T00:19:00Z,51.96,6,5,17.59
2019-05-04T00:21:00Z,51.97,4,3,17.58
2019-05-04T00:22:00Z,51.92,4,4,17.58
2019-05-04T00:23:00Z,51.91,5,5,17.57
2019-05-04T00:23:00Z,51.91,5,5,17.57
2019-05-04T00:24:00Z,51.94,5,4,17.56
2019-05-04T00:26:00Z,51.89,5,4,17.55
2019-05-04T00:27:00Z,51.93,4,4,17.54
2019-05-04T00:27:00Z,51.93,4,4,17.54
2019-05-04T00:29:00Z,51.94,4,4,17.52
2019-05-04T00:29:00Z,51.94,4,4,17.52
2019-05-04T00:30:00Z,51.94,3,2,17.51
2019-05-04T00:31:00Z,51.96,2,2,17.5
2019-05-04T00:33:00Z,51.96,3,3,17.49
2019-05-04T00:34:00Z,51.93,4,4,17.48
2019-05-04T00:34:00Z,51.93,4,4,17.48
2019-05-04T00:35:00Z,51.94,2,2,17.48
2019-05-04T00:36:00Z,51.93,4,4,17.47
2019-05-04T00:37:00Z,51.93,4,4,17.46
2019-05-04T00:38:00Z,51.91,6,6,17.47
2019-05-04T00:39:00Z,51.96,1,1,17.47
2019-05-04T00:40:00Z,51.95,5,5,17.45
2019-05-04T00:41:00Z,51.96,3,3,17.44
2019-05-04T00:42:00Z,51.97,5,5,17.43
2019-05-04T00:44:00Z,51.98,4,4,17.42
2019-05-04T00:45:00Z,51.99,3,3,17.41
2019-05-04T00:46:00Z,51.98,4,4,17.41
2019-05-04T00:55:00Z,52,3,3,17.35
2019-05-04T00:56:00Z,52.02,4,4,17.34
2019-05-04T00:57:00Z,52.04,4,4,17.34
2019-05-04T00:58:00Z,52.02,4,4,17.33
2019-05-04T00:59:00Z,52.07,4,4,17.33
2019-05-04T01:01:00Z,52.06,4,4,17.31
2019-05-04T01:01:00Z,52.06,4,4,17.31
2019-05-04T01:03:00Z,52.05,3,3,17.3
2019-05-04T01:04:00Z,52.09,3,3,17.3
2019-05-04T01:04:00Z,52.09,3,3,17.3
2019-05-04T01:05:00Z,52.07,3,3,17.29
2019-05-04T01:06:00Z,52.08,4,4,17.29
2019-05-04T01:07:00Z,52.09,4,4,17.28
2019-05-04T01:08:00Z,52.06,4,4,17.28
2019-05-04T01:09:00Z,52.1,3,3,17.27
2019-05-04T01:10:00Z,52.1,3,3,17.26
2019-05-04T01:12:00Z,52.11,3,3,17.25
2019-05-04T01:13:00Z,52.12,2,2,17.24
2019-05-04T01:13:00Z,52.12,2,2,17.24
2019-05-04T01:14:00Z,52.15,3,3,17.23
2019-05-04T01:16:00Z,52.16,3,3,17.22
2019-05-04T01:17:00Z,52.14,2,2,17.21
2019-05-04T01:18:00Z,52.19,3,3,17.2
2019-05-04T01:18:00Z,52.19,3,3,17.2
2019-05-04T01:19:00Z,52.19,2,2,17.2
2019-05-04T01:21:00Z,52.16,3,3,17.19
2019-05-04T01:21:00Z,52.16,3,3,17.19
2019-05-04T01:23:00Z,52.21,3,3,17.18
2019-05-04T01:23:00Z,52.21,3,3,17.18
2019-05-04T01:24:00Z,52.2,2,2,17.17
2019-05-04T01:25:00Z,52.21,4,4,17.17
2019-05-04T01:26:00Z,52.21,4,4,17.16
2019-05-04T01:28:00Z,52.25,2,2,17.15
2019-05-04T01:28:00Z,52.25,2,2,17.15
2019-05-04T01:30:00Z,52.28,2,2,17.12
2019-05-04T01:31:00Z,52.29,2,2,17.12
2019-05-04T01:32:00Z,52.32,3,3,17.12
2019-05-04T01:32:00Z,52.32,3,3,17.12
2019-05-04T01:33:00Z,52.31,2,2,17.1
2019-05-04T01:35:00Z,52.29,2,2,17.1
2019-05-04T01:36:00Z,52.32,3,3,17.09
2019-05-04T01:36:00Z,52.32,3,3,17.09
2019-05-04T01:38:00Z,52.33,2,2,17.09
2019-05-04T01:38:00Z,52.33,2,2,17.09
2019-05-04T01:39:00Z,52.31,0,0,17.08
2019-05-04T01:40:00Z,52.33,2,2,17.07
2019-05-04T01:42:00Z,52.36,2,2,17.08
2019-05-04T01:42:00Z,52.36,2,2,17.08
2019-05-04T01:44:00Z,52.41,2,2,17.06
2019-05-04T01:44:00Z,52.41,2,2,17.06
2019-05-04T01:45:00Z,52.39,3,3,17.05
2019-05-04T01:46:00Z,52.41,2,2,17.05
2019-05-04T01:47:00Z,52.39,2,2,17.04
2019-05-04T01:48:00Z,52.39,1,1,17.04
2019-05-04T01:49:00Z,52.41,2,2,17.03
2019-05-04T01:50:00Z,52.39,2,2,17.02
2019-05-04T01:51:00Z,52.44,3,2,17.01
2019-05-04T01:53:00Z,52.43,3,3,17.01
2019-05-04T01:54:00Z,52.44,2,2,17
2019-05-04T01:54:00Z,52.44,2,2,17
2019-05-04T01:55:00Z,52.42,2,2,17.01
2019-05-04T01:56:00Z,52.46,2,2,17
2019-05-04T01:57:00Z,52.5,2,2,16.99
2019-05-04T01:59:00Z,52.46,2,2,16.98
2019-05-04T01:59:00Z,52.46,2,2,16.98
2019-05-04T02:01:00Z,52.49,2,2,16.97
2019-05-04T02:01:00Z,52.49,2,2,16.97
2019-05-04T02:02:00Z,52.46,2,2,16.97
2019-05-04T02:03:00Z,52.46,2,2,16.96
2019-05-04T02:04:00Z,52.49,0,0,16.96
2019-05-04T02:06:00Z,52.51,2,2,16.95
2019-05-04T02:06:00Z,52.51,2,2,16.95
2019-05-04T02:07:00Z,52.49,1,1,16.94
2019-05-04T02:08:00Z,52.54,2,2,16.94
2019-05-04T02:09:00Z,52.51,2,1,16.93
2019-05-04T02:11:00Z,52.52,0,0,16.91
2019-05-04T02:11:00Z,52.52,0,0,16.91
2019-05-04T02:12:00Z,52.54,0,0,16.91
2019-05-04T02:14:00Z,52.59,2,2,16.9
2019-05-04T02:15:00Z,52.59,0,0,16.89
2019-05-04T02:15:00Z,52.59,0,0,16.89
2019-05-04T02:17:00Z,52.61,2,2,16.87
2019-05-04T02:18:00Z,52.6,2,2,16.87
2019-05-04T02:19:00Z,52.59,3,3,16.87
2019-05-04T02:20:00Z,52.59,2,2,16.87
2019-05-04T02:20:00Z,52.59,2,2,16.87
2019-05-04T02:21:00Z,52.6,2,2,16.86
2019-05-04T02:23:00Z,52.57,0,0,16.85
2019-05-04T02:23:00Z,52.57,0,0,16.85
2019-05-04T02:25:00Z,52.6,2,2,16.85
2019-05-04T02:25:00Z,52.6,2,2,16.85
2019-05-04T02:27:00Z,52.6,3,3,16.83
2019-05-04T02:28:00Z,52.63,1,1,16.83
2019-05-04T02:28:00Z,52.63,1,1,16.83
2019-05-04T02:30:00Z,52.58,2,2,16.83
2019-05-04T02:31:00Z,52.6,4,4,16.82
2019-05-04T02:31:00Z,52.6,4,4,16.82
2019-05-04T02:33:00Z,52.64,3,3,16.8
2019-05-04T02:33:00Z,52.64,3,3,16.8
2019-05-04T02:34:00Z,52.63,0,0,16.81
2019-05-04T02:36:00Z,52.63,1,1,16.79
2019-05-04T02:36:00Z,52.63,1,1,16.79
2019-05-04T02:38:00Z,52.67,2,2,16.78
2019-05-04T02:39:00Z,52.65,3,3,16.77
2019-05-04T02:39:00Z,52.65,3,3,16.77
2019-05-04T02:41:00Z,52.66,3,3,16.76
2019-05-04T02:41:00Z,52.66,3,3,16.76
2019-05-04T02:42:00Z,52.01,1,1,16.95
2019-05-04T02:43:00Z,52.05,3,3,16.94
2019-05-04T02:44:00Z,52.08,3,3,16.91
2019-05-04T02:45:00Z,52.12,2,2,16.9
2019-05-04T02:46:00Z,52.14,1,1,16.88
2019-05-04T02:47:00Z,52.19,2,2,16.86
2019-05-04T02:49:00Z,52.24,1,1,16.83
2019-05-04T02:50:00Z,52.26,3,3,16.82
2019-05-04T02:50:00Z,52.26,3,3,16.82
2019-05-04T02:52:00Z,52.28,1,1,16.8
2019-05-04T02:53:00Z,52.27,3,3,16.79
2019-05-04T02:53:00Z,52.27,3,3,16.79
2019-05-04T02:55:00Z,52.35,2,2,16.77
2019-05-04T02:56:00Z,52.33,2,2,16.76
2019-05-04T02:56:00Z,52.33,2,2,16.76
2019-05-04T02:58:00Z,52.35,2,2,16.74
2019-05-04T02:59:00Z,52.35,0,0,16.73
2019-05-04T03:00:00Z,52.37,1,1,16.72
2019-05-04T03:00:00Z,52.37,1,1,16.72
2019-05-04T03:01:00Z,52.41,1,1,16.72
2019-05-04T03:03:00Z,52.39,0,0,16.7
2019-05-04T03:03:00Z,52.39,0,0,16.7
2019-05-04T03:05:00Z,52.41,2,2,16.69
2019-05-04T03:05:00Z,52.41,2,2,16.69
2019-05-04T03:06:00Z,52.44,0,0,16.68
2019-05-04T03:08:00Z,53.13,0,0,16.46
2019-05-04T03:08:00Z,53.13,0,0,16.46
2019-05-04T03:09:00Z,53,3,3,16.54
2019-05-04T03:10:00Z,52.76,3,2,16.65
2019-05-04T03:11:00Z,52.55,3,3,16.72
2019-05-04T03:12:00Z,52.46,0,0,16.75
2019-05-04T03:14:00Z,52.34,1,1,16.77
2019-05-04T03:15:00Z,52.34,1,1,16.76
2019-05-04T03:16:00Z,52.36,2,1,16.76
2019-05-04T03:16:00Z,52.36,2,1,16.76
2019-05-04T03:18:00Z,52.38,0,0,16.75
2019-05-04T03:18:00Z,52.38,0,0,16.75
2019-05-04T03:19:00Z,52.39,1,1,16.74
2019-05-04T03:21:00Z,52.4,0,0,16.71
2019-05-04T03:21:00Z,52.4,0,0,16.71
2019-05-04T03:23:00Z,52.43,0,0,16.69
2019-05-04T03:24:00Z,52.46,0,0,16.68
2019-05-04T03:25:00Z,52.49,0,0,16.68
2019-05-04T03:26:00Z,52.49,1,1,16.67
2019-05-04T03:27:00Z,52.53,2,2,16.65
2019-05-04T03:27:00Z,52.53,2,2,16.65
2019-05-04T03:28:00Z,52.56,3,3,16.63
2019-05-04T03:29:00Z,52.55,1,1,16.64
2019-05-04T03:30:00Z,52.56,1,1,16.62
2019-05-04T03:31:00Z,52.6,1,1,16.61
2019-05-04T03:32:00Z,52.63,0,0,16.6
2019-05-04T03:34:00Z,52.63,0,0,16.58
2019-05-04T03:35:00Z,52.64,2,2,16.58
2019-05-04T03:35:00Z,52.64,2,2,16.58
2019-05-04T03:37:00Z,52.68,1,1,16.55
2019-05-04T03:37:00Z,52.68,1,1,16.55
2019-05-04T03:38:00Z,52.68,0,0,16.56
2019-05-04T03:39:00Z,52.65,1,1,16.55
2019-05-04T03:40:00Z,52.67,0,0,16.53
2019-05-04T03:42:00Z,52.71,0,0,16.53
2019-05-04T03:43:00Z,52.71,0,0,16.52
2019-05-04T03:44:00Z,52.71,3,3,16.52
2019-05-04T03:44:00Z,52.71,3,3,16.52
2019-05-04T03:46:00Z,52.71,1,1,16.5
2019-05-04T03:46:00Z,52.71,1,1,16.5
2019-05-04T03:48:00Z,52.69,1,1,16.49
2019-05-04T03:49:00Z,52.74,2,1,16.49
2019-05-04T03:49:00Z,52.74,2,1,16.49
2019-05-04T03:51:00Z,52.75,0,0,16.47
2019-05-04T03:51:00Z,52.75,0,0,16.47
2019-05-04T03:52:00Z,52.71,1,1,16.47
2019-05-04T03:54:00Z,52.74,1,1,16.46
2019-05-04T03:55:00Z,52.76,1,1,16.46
2019-05-04T03:56:00Z,52.75,0,0,16.45
2019-05-04T03:57:00Z,52.73,3,3,16.45
2019-05-04T03:57:00Z,52.73,3,3,16.45
2019-05-04T03:59:00Z,52.8,0,0,16.42
2019-05-04T04:00:00Z,52.79,0,0,16.42
2019-05-04T04:01:00Z,52.76,0,0,16.43
2019-05-04T04:02:00Z,52.77,0,0,16.41
2019-05-04T04:02:00Z,52.77,0,0,16.41
2019-05-04T04:04:00Z,52.79,0,0,16.41
2019-05-04T04:05:00Z,52.79,0,0,16.39
2019-05-04T04:06:00Z,52.8,0,0,16.39
2019-05-04T04:06:00Z,52.8,0,0,16.39
2019-05-04T04:08:00Z,52.81,0,0,16.38
2019-05-04T04:08:00Z,52.81,0,0,16.38
2019-05-04T04:09:00Z,52.83,0,0,16.37
2019-05-04T04:11:00Z,52.79,0,0,16.36
2019-05-04T04:11:00Z,52.79,0,0,16.36
2019-05-04T04:12:00Z,52.79,1,1,16.35
2019-05-04T04:13:00Z,52.84,1,0,16.35
2019-05-04T04:15:00Z,52.85,1,1,16.33
2019-05-04T04:16:00Z,52.87,1,1,16.33
2019-05-04T04:17:00Z,52.87,0,0,16.32
2019-05-04T04:17:00Z,52.87,0,0,16.32
2019-05-04T04:19:00Z,52.81,0,0,16.32
2019-05-04T04:20:00Z,52.85,0,0,16.31
2019-05-04T04:20:00Z,52.85,0,0,16.31
2019-05-04T04:21:00Z,52.9,0,0,16.3
2019-05-04T04:22:00Z,52.88,0,0,16.3
2019-05-04T04:24:00Z,52.9,0,0,16.27
2019-05-04T04:24:00Z,52.9,0,0,16.27
2019-05-04T04:25:00Z,52.94,1,1,16.27
2019-05-04T04:27:00Z,52.92,1,1,16.26
2019-05-04T04:28:00Z,52.87,0,0,16.26
2019-05-04T04:29:00Z,52.91,0,0,16.26
2019-05-04T04:30:00Z,52.95,1,1,16.25
2019-05-04T04:31:00Z,52.93,1,1,16.25
2019-05-04T04:31:00Z,52.93,1,1,16.25
2019-05-04T04:33:00Z,52.95,0,0,16.24
2019-05-04T04:33:00Z,52.95,0,0,16.24
2019-05-04T04:35:00Z,53,1,1,16.22
2019-05-04T04:36:00Z,52.98,1,1,16.23
2019-05-04T04:37:00Z,53.02,1,1,16.21
2019-05-04T04:38:00Z,52.95,1,1,16.21
2019-05-04T04:39:00Z,52.99,1,1,16.2
2019-05-04T04:40:00Z,53,1,1,16.19
2019-05-04T04:41:00Z,53.01,0,0,16.19
2019-05-04T04:42:00Z,53.04,0,0,16.19
2019-05-04T04:42:00Z,53.04,0,0,16.19
2019-05-04T04:43:00Z,53.03,0,0,16.18
2019-05-04T04:44:00Z,53.03,1,1,16.17
2019-05-04T04:46:00Z,53.04,1,1,16.17
2019-05-04T04:46:00Z,53.04,1,1,16.17
2019-05-04T04:48:00Z,53.03,0,0,16.16
2019-05-04T04:49:00Z,53.04,1,1,16.15
2019-05-04T04:50:00Z,53.03,1,1,16.15
2019-05-04T04:51:00Z,53.06,1,1,16.15
2019-05-04T04:51:00Z,53.06,1,1,16.15
2019-05-04T04:52:00Z,53.07,0,0,16.15
2019-05-04T04:53:00Z,53.06,0,0,16.14
2019-05-04T04:55:00Z,53.07,0,0,16.13
2019-05-04T04:55:00Z,53.07,0,0,16.13
2019-05-04T04:57:00Z,53.09,0,0,16.12
2019-05-04T04:58:00Z,53.13,0,0,16.12
2019-05-04T04:59:00Z,53.12,0,0,16.12
2019-05-04T05:00:00Z,53.09,0,0,16.11
2019-05-04T05:01:00Z,53.09,0,0,16.11
2019-05-04T05:02:00Z,53.07,1,1,16.1
2019-05-04T05:03:00Z,53.07,1,1,16.1
2019-05-04T05:04:00Z,53.08,1,1,16.11
2019-05-04T05:05:00Z,53.11,1,1,16.1
2019-05-04T05:06:00Z,53.13,0,0,16.1
2019-05-04T05:06:00Z,53.13,0,0,16.1
2019-05-04T05:07:00Z,53.1,0,0,16.09
2019-05-04T05:08:00Z,53.1,0,0,16.08
2019-05-04T05:09:00Z,53.1,0,0,16.08
2019-05-04T05:11:00Z,53.1,0,0,16.06
2019-05-04T05:11:00Z,53.1,0,0,16.06
2019-05-04T05:13:00Z,53.12,1,1,16.06
2019-05-04T05:13:00Z,53.12,1,1,16.06
2019-05-04T05:15:00Z,53.15,0,0,16.05
2019-05-04T05:16:00Z,53.13,0,0,16.06
2019-05-04T05:16:00Z,53.13,0,0,16.06
2019-05-04T05:17:00Z,53.09,0,0,16.06
2019-05-04T05:18:00Z,53.14,0,0,16.06
2019-05-04T05:20:00Z,53.11,0,0,16.07
2019-05-04T05:21:00Z,53.09,0,0,16.07
2019-05-04T05:21:00Z,53.09,0,0,16.07
2019-05-04T05:22:00Z,53.12,1,1,16.08
2019-05-04T05:24:00Z,53.13,0,0,16.08
2019-05-04T05:25:00Z,53.11,1,1,16.08
2019-05-04T05:26:00Z,53.07,0,0,16.1
2019-05-04T05:26:00Z,53.07,0,0,16.1
2019-05-04T05:28:00Z,53.09,0,0,16.11
2019-05-04T05:29:00Z,53.11,0,0,16.12
2019-05-04T05:30:00Z,53.09,0,0,16.13
2019-05-04T05:30:00Z,53.09,0,0,16.13
2019-05-04T05:32:00Z,53.05,0,0,16.16
2019-05-04T05:33:00Z,53.08,0,0,16.16
2019-05-04T05:34:00Z,53.05,0,0,16.18
2019-05-04T05:35:00Z,53.1,0,0,16.19
2019-05-04T05:35:00Z,53.1,0,0,16.19
2019-05-04T05:36:00Z,53.02,0,0,16.2
2019-05-04T05:38:00Z,53.04,0,0,16.23
2019-05-04T05:39:00Z,53.04,0,0,16.24
2019-05-04T05:39:00Z,53.04,0,0,16.24
2019-05-04T05:40:00Z,53.04,0,0,16.25
2019-05-04T05:41:00Z,53.06,1,1,16.27
2019-05-04T05:43:00Z,52.99,0,0,16.3
2019-05-04T05:44:00Z,53.01,0,0,16.32
2019-05-04T05:45:00Z,53.01,0,0,16.33
2019-05-04T05:45:00Z,53.01,0,0,16.33
2019-05-04T05:46:00Z,53.05,0,0,16.34
2019-05-04T05:47:00Z,53.04,1,1,16.35
2019-05-04T05:49:00Z,53.05,0,0,16.38
2019-05-04T05:50:00Z,53.05,0,0,16.39
2019-05-04T05:51:00Z,53.03,0,0,16.4
2019-05-04T05:51:00Z,53.03,0,0,16.4
2019-05-04T05:53:00Z,53.02,0,0,16.43
2019-05-04T05:53:00Z,53.02,0,0,16.43
2019-05-04T05:57:00Z,53.08,0,0,16.49
2019-05-04T05:59:00Z,53.01,0,0,16.51
2019-05-04T06:00:00Z,53,0,0,16.54
2019-05-04T06:00:00Z,53,0,0,16.54
2019-05-04T06:02:00Z,52.98,0,0,16.56
2019-05-04T06:03:00Z,53.01,0,0,16.58
2019-05-04T06:03:00Z,53.01,0,0,16.58
2019-05-04T06:04:00Z,52.99,0,0,16.6
2019-05-04T06:05:00Z,52.98,0,0,16.61
2019-05-04T06:07:00Z,52.98,0,0,16.64
2019-05-04T06:08:00Z,53.01,0,0,16.66
2019-05-04T06:08:00Z,53.01,0,0,16.66
2019-05-04T06:09:00Z,52.99,0,0,16.68
2019-05-04T06:10:00Z,52.95,0,0,16.69
2019-05-04T06:11:00Z,52.9,0,0,16.71
2019-05-04T06:13:00Z,52.93,0,0,16.74
2019-05-04T06:14:00Z,52.93,0,0,16.76
2019-05-04T06:15:00Z,52.92,0,0,16.78
2019-05-04T06:15:00Z,52.92,0,0,16.78
2019-05-04T06:17:00Z,52.89,0,0,16.82
2019-05-04T06:17:00Z,52.89,0,0,16.82
2019-05-04T06:19:00Z,52.82,0,0,16.85
2019-05-04T06:19:00Z,52.82,0,0,16.85
2019-05-04T06:21:00Z,52.85,0,0,16.88
2019-05-04T06:22:00Z,52.81,0,0,16.89
2019-05-04T06:22:00Z,52.81,0,0,16.89
2019-05-04T06:23:00Z,52.79,0,0,16.91
2019-05-04T06:24:00Z,52.79,0,0,16.92
2019-05-04T06:26:00Z,52.76,0,0,16.96
2019-05-04T06:26:00Z,52.76,0,0,16.96
2019-05-04T06:28:00Z,52.72,0,0,17
2019-05-04T06:29:00Z,52.69,0,0,17.01
2019-05-04T06:30:00Z,52.72,0,0,17.04
2019-05-04T06:30:00Z,52.72,0,0,17.04
2019-05-04T06:32:00Z,52.73,0,0,17.06
2019-05-04T06:32:00Z,52.73,0,0,17.06
2019-05-04T06:34:00Z,52.69,0,0,17.09
2019-05-04T06:35:00Z,52.71,0,0,17.1
2019-05-04T06:36:00Z,52.71,0,0,17.11
2019-05-04T06:37:00Z,52.7,0,0,17.13
2019-05-04T06:38:00Z,52.72,0,0,17.14
2019-05-04T06:38:00Z,52.72,0,0,17.14
2019-05-04T06:40:00Z,52.68,0,0,17.17
2019-05-04T06:40:00Z,52.68,0,0,17.17
2019-05-04T06:41:00Z,52.68,0,0,17.18
2019-05-04T06:43:00Z,52.66,0,0,17.2
2019-05-04T06:44:00Z,52.66,0,0,17.22
2019-05-04T06:44:00Z,52.66,0,0,17.22
2019-05-04T06:46:00Z,52.61,0,0,17.24
2019-05-04T06:47:00Z,52.63,0,0,17.26
2019-05-04T06:47:00Z,52.63,0,0,17.26
2019-05-04T06:48:00Z,52.62,0,0,17.27
2019-05-04T06:50:00Z,52.56,0,0,17.3
2019-05-04T06:51:00Z,52.56,0,0,17.3
2019-05-04T06:51:00Z,52.56,0,0,17.3
2019-05-04T06:53:00Z,52.56,0,0,17.33
2019-05-04T06:54:00Z,52.56,0,0,17.34
2019-05-04T06:55:00Z,52.57,0,0,17.36
2019-05-04T06:56:00Z,52.54,0,0,17.36
2019-05-04T06:57:00Z,52.5,0,0,17.38
2019-05-04T06:58:00Z,52.5,0,0,17.39
2019-05-04T06:59:00Z,52.46,0,0,17.39
2019-05-04T07:00:00Z,52.44,0,0,17.41
2019-05-04T07:00:00Z,52.44,0,0,17.41
2019-05-04T07:02:00Z,52.46,0,0,17.43
2019-05-04T07:02:00Z,52.46,0,0,17.43
2019-05-04T07:04:00Z,52.42,0,0,17.45
2019-05-04T07:05:00Z,52.42,0,0,17.46
2019-05-04T07:06:00Z,52.38,0,0,17.47
2019-05-04T07:07:00Z,52.36,0,0,17.48
2019-05-04T07:08:00Z,52.38,0,0,17.5
2019-05-04T07:09:00Z,52.34,0,0,17.5
2019-05-04T07:10:00Z,52.34,0,0,17.51
2019-05-04T07:10:00Z,52.34,0,0,17.51
2019-05-04T07:12:00Z,52.29,0,0,17.53
2019-05-04T07:12:00Z,52.29,0,0,17.53
2019-05-04T07:14:00Z,52.32,0,0,17.55
2019-05-04T07:14:00Z,52.32,0,0,17.55
2019-05-04T07:16:00Z,52.25,0,0,17.57
2019-05-04T07:17:00Z,52.25,0,0,17.58
2019-05-04T07:17:00Z,52.25,0,0,17.58
2019-05-04T07:19:00Z,52.24,0,0,17.6
2019-05-04T07:19:00Z,52.24,0,0,17.6
2019-05-04T07:21:00Z,52.22,0,0,17.62
2019-05-04T07:22:00Z,52.21,0,0,17.63
2019-05-04T07:23:00Z,52.21,0,0,17.64
2019-05-04T07:23:00Z,52.21,0,0,17.64
2019-05-04T07:25:00Z,52.18,0,0,17.66
2019-05-04T07:26:00Z,52.19,0,0,17.68
2019-05-04T07:27:00Z,52.13,0,0,17.68
2019-05-04T07:29:00Z,52.15,0,0,17.71
2019-05-04T07:30:00Z,52.14,0,0,17.71
2019-05-04T07:30:00Z,52.14,0,0,17.71
2019-05-04T07:32:00Z,52.1,0,0,17.73
2019-05-04T07:32:00Z,52.1,0,0,17.73
2019-05-04T07:34:00Z,52.05,0,0,17.74
2019-05-04T07:35:00Z,52.06,0,0,17.76
2019-05-04T07:36:00Z,52.01,0,0,17.76
2019-05-04T07:36:00Z,52.01,0,0,17.76
2019-05-04T07:38:00Z,52,0,0,17.78
2019-05-04T07:38:00Z,52,0,0,17.78
2019-05-04T07:39:00Z,51.97,0,0,17.78
2019-05-04T07:40:00Z,51.97,0,0,17.78
2019-05-04T07:42:00Z,51.92,0,0,17.8
2019-05-04T07:43:00Z,51.88,0,0,17.81
2019-05-04T07:44:00Z,51.87,0,0,17.82
2019-05-04T07:44:00Z,51.87,0,0,17.82
2019-05-04T07:45:00Z,51.86,0,0,17.84
2019-05-04T07:47:00Z,51.85,0,0,17.84
2019-05-04T07:48:00Z,51.78,0,0,17.85
2019-05-04T07:49:00Z,51.77,0,0,17.86
2019-05-04T07:49:00Z,51.77,0,0,17.86
2019-05-04T07:51:00Z,51.75,0,0,17.87
2019-05-04T07:51:00Z,51.75,0,0,17.87
2019-05-04T07:52:00Z,51.71,0,0,17.87
2019-05-04T07:53:00Z,51.72,0,0,17.88
2019-05-04T07:55:00Z,51.64,0,0,17.89
2019-05-04T07:55:00Z,51.64,0,0,17.89
2019-05-04T07:56:00Z,51.62,0,0,17.9
2019-05-04T07:58:00Z,51.54,0,0,17.92
2019-05-04T07:59:00Z,51.53,0,0,17.93
2019-05-04T08:00:00Z,51.48,0,0,17.94
2019-05-04T08:00:00Z,51.48,0,0,17.94
2019-05-04T08:01:00Z,51.46,0,0,17.95
2019-05-04T08:03:00Z,51.37,0,0,17.96
2019-05-04T08:04:00Z,51.27,0,0,17.97
2019-05-04T08:05:00Z,51.31,0,0,17.98
2019-05-04T08:05:00Z,51.31,0,0,17.98
2019-05-04T08:06:00Z,51.27,0,0,17.98
2019-05-04T08:08:00Z,51.15,0,0,18
2019-05-04T08:08:00Z,51.15,0,0,18
2019-05-04T08:10:00Z,51.08,0,0,18.02
2019-05-04T08:10:00Z,51.08,0,0,18.02
2019-05-04T08:12:00Z,50.99,0,0,18.03
2019-05-04T08:13:00Z,50.97,0,0,18.05
2019-05-04T08:13:00Z,50.97,0,0,18.05
2019-05-04T08:15:00Z,50.91,0,0,18.05
2019-05-04T08:16:00Z,50.87,0,0,18.05
2019-05-04T08:16:00Z,50.87,0,0,18.05
2019-05-04T08:18:00Z,50.77,0,0,18.06
2019-05-04T08:19:00Z,50.73,0,0,18.07
2019-05-04T08:20:00Z,50.67,0,0,18.08
2019-05-04T08:21:00Z,50.69,0,0,18.08
2019-05-04T08:22:00Z,50.66,0,0,18.09
2019-05-04T08:23:00Z,50.59,0,0,18.1
2019-05-04T08:23:00Z,50.59,0,0,18.1
2019-05-04T08:24:00Z,50.57,0,0,18.1
2019-05-04T08:26:00Z,50.5,0,0,18.11
2019-05-04T08:27:00Z,50.45,0,0,18.12
2019-05-04T08:28:00Z,50.44,0,0,18.12
2019-05-04T08:29:00Z,50.41,0,0,18.13
2019-05-04T08:29:00Z,50.41,0,0,18.13
2019-05-04T08:31:00Z,50.39,0,0,18.13
2019-05-04T08:31:00Z,50.39,0,0,18.13
2019-05-04T08:33:00Z,50.3,0,0,18.14
2019-05-04T08:34:00Z,50.27,0,0,18.15
2019-05-04T08:35:00Z,50.22,0,0,18.15
2019-05-04T08:36:00Z,50.24,0,0,18.15
2019-05-04T08:37:00Z,50.24,0,0,18.15
2019-05-04T08:38:00Z,50.16,0,0,18.16
2019-05-04T08:39:00Z,50.09,0,0,18.17
2019-05-04T08:39:00Z,50.09,0,0,18.17
2019-05-04T08:40:00Z,50.09,0,0,18.18
2019-05-04T08:42:00Z,50,0,0,18.2
2019-05-04T08:43:00Z,50.01,0,0,18.2
2019-05-04T08:44:00Z,49.95,0,0,18.19
2019-05-04T08:45:00Z,49.96,0,0,18.2
2019-05-04T08:46:00Z,49.93,0,0,18.2
2019-05-04T08:47:00Z,49.94,0,0,18.21
2019-05-04T08:48:00Z,49.88,0,0,18.23
2019-05-04T08:49:00Z,49.78,0,0,18.25
2019-05-04T08:50:00Z,49.73,0,0,18.26
2019-05-04T08:50:00Z,49.73,0,0,18.26
2019-05-04T08:52:00Z,49.64,0,0,18.28
2019-05-04T08:52:00Z,49.64,0,0,18.28
2019-05-04T08:53:00Z,49.68,0,0,18.29
2019-05-04T08:55:00Z,49.64,0,0,18.29
2019-05-04T08:55:00Z,49.64,0,0,18.29
2019-05-04T08:57:00Z,49.6,0,0,18.31
2019-05-04T08:57:00Z,49.6,0,0,18.31
2019-05-04T08:59:00Z,49.65,0,0,18.33
2019-05-04T09:00:00Z,49.54,0,0,18.34
2019-05-04T09:00:00Z,49.54,0,0,18.34
2019-05-04T09:02:00Z,49.47,0,0,18.37
2019-05-04T09:03:00Z,49.42,0,0,18.4
2019-05-04T09:04:00Z,49.45,0,0,18.41
2019-05-04T09:05:00Z,49.39,0,0,18.43
2019-05-04T09:05:00Z,49.39,0,0,18.43
2019-05-04T09:07:00Z,49.3,0,0,18.47
2019-05-04T09:08:00Z,49.23,0,0,18.49
2019-05-04T09:09:00Z,49.16,0,0,18.51
2019-05-04T09:10:00Z,49.11,0,0,18.52
2019-05-04T09:10:00Z,49.11,0,0,18.52
2019-05-04T09:12:00Z,49.05,0,0,18.55
2019-05-04T09:12:00Z,49.05,0,0,18.55
2019-05-04T09:14:00Z,48.93,0,0,18.6
2019-05-04T09:15:00Z,48.99,0,0,18.62
2019-05-04T09:16:00Z,48.95,0,0,18.64
2019-05-04T09:17:00Z,49.01,0,0,18.66
2019-05-04T09:18:00Z,48.9,0,0,18.69
2019-05-04T09:19:00Z,48.86,0,0,18.7
2019-05-04T09:19:00Z,48.86,0,0,18.7
2019-05-04T09:21:00Z,48.64,0,0,18.73
2019-05-04T09:22:00Z,48.72,0,0,18.73
2019-05-04T09:22:00Z,48.72,0,0,18.73
2019-05-04T09:24:00Z,48.69,0,0,18.75
2019-05-04T09:24:00Z,48.69,0,0,18.75
2019-05-04T09:26:00Z,48.72,0,0,18.74
2019-05-04T09:27:00Z,48.58,0,0,18.74
2019-05-04T09:28:00Z,48.73,0,0,18.74
2019-05-04T09:29:00Z,48.7,0,0,18.75
2019-05-04T09:29:00Z,48.7,0,0,18.75
2019-05-04T09:31:00Z,48.55,0,0,18.78
2019-05-04T09:32:00Z,48.55,0,0,18.79
2019-05-04T09:33:00Z,48.49,0,0,18.81
2019-05-04T09:34:00Z,48.44,0,0,18.83
2019-05-04T09:35:00Z,48.42,0,0,18.85
2019-05-04T09:36:00Z,48.38,0,0,18.89
2019-05-04T09:37:00Z,48.26,0,0,18.93
2019-05-04T09:38:00Z,48.13,0,0,18.97
2019-05-04T09:38:00Z,48.13,0,0,18.97
2019-05-04T09:40:00Z,47.92,0,0,19.09
2019-05-04T09:41:00Z,47.85,0,0,19.13
2019-05-04T09:42:00Z,47.68,0,0,19.19
2019-05-04T09:43:00Z,47.56,0,0,19.24
2019-05-04T09:44:00Z,47.47,0,0,19.27
2019-05-04T09:45:00Z,47.37,0,0,19.33
2019-05-04T09:46:00Z,47.24,0,0,19.38
2019-05-04T09:46:00Z,47.24,0,0,19.38
2019-05-04T09:48:00Z,46.99,0,0,19.5
2019-05-04T09:48:00Z,46.99,0,0,19.5
2019-05-04T09:50:00Z,46.71,0,0,19.61
2019-05-04T09:51:00Z,46.56,0,0,19.67
2019-05-04T09:52:00Z,46.48,0,0,19.71
2019-05-04T09:53:00Z,46.4,0,0,19.75
2019-05-04T09:54:00Z,46.42,0,0,19.76
2019-05-04T09:55:00Z,46.33,0,0,19.77
2019-05-04T09:56:00Z,46.31,0,0,19.78
2019-05-04T09:57:00Z,46.24,0,0,19.76
2019-05-04T09:58:00Z,46.25,0,0,19.74
2019-05-04T09:58:00Z,46.25,0,0,19.74
2019-05-04T10:00:00Z,46.25,0,0,19.71
2019-05-04T10:01:00Z,46.27,0,0,19.72
2019-05-04T10:02:00Z,46.21,0,0,19.7
2019-05-04T10:03:00Z,46.26,0,0,19.7
2019-05-04T10:04:00Z,46.21,0,0,19.71
2019-05-04T10:05:00Z,46.24,0,0,19.72
2019-05-04T10:05:00Z,46.24,0,0,19.72
2019-05-04T10:07:00Z,46.19,0,0,19.78
2019-05-04T10:08:00Z,46.12,0,0,19.82
2019-05-04T10:09:00Z,46.02,0,0,19.85
2019-05-04T10:09:00Z,46.02,0,0,19.85
2019-05-04T10:11:00Z,45.95,0,0,19.9
2019-05-04T10:12:00Z,45.88,0,0,19.91
2019-05-04T10:13:00Z,45.83,0,0,19.91
2019-05-04T10:14:00Z,45.89,0,0,19.9
2019-05-04T10:16:00Z,45.84,0,0,19.92
2019-05-04T10:18:00Z,45.8,0,0,19.97
2019-05-04T10:19:00Z,45.71,0,0,20.01
2019-05-04T10:19:00Z,45.71,0,0,20.01
2019-05-04T10:21:00Z,45.58,0,0,20.1
2019-05-04T10:25:00Z,45.17,0,0,20.3
2019-05-04T10:26:00Z,45.09,0,0,20.33
2019-05-04T10:27:00Z,45.02,0,0,20.35
2019-05-04T10:29:00Z,45,0,0,20.35
2019-05-04T10:30:00Z,45.02,0,0,20.35
2019-05-04T10:31:00Z,45,0,0,20.36
2019-05-04T10:32:00Z,44.92,0,0,20.38
2019-05-04T10:33:00Z,44.89,0,0,20.41
2019-05-04T10:33:00Z,44.89,0,0,20.41
2019-05-04T10:35:00Z,44.81,0,0,20.43
2019-05-04T10:36:00Z,44.83,0,0,20.46
2019-05-04T10:37:00Z,44.8,0,0,20.47
2019-05-04T10:37:00Z,44.8,0,0,20.47
2019-05-04T10:39:00Z,44.76,0,0,20.5
2019-05-04T10:39:00Z,44.76,0,0,20.5
2019-05-04T10:40:00Z,44.75,0,0,20.52
2019-05-04T10:42:00Z,44.76,0,0,20.53
2019-05-04T10:42:00Z,44.76,0,0,20.53
2019-05-04T10:44:00Z,44.78,0,0,20.52
2019-05-04T10:44:00Z,44.78,0,0,20.52
2019-05-04T10:46:00Z,44.68,0,0,20.51
2019-05-04T10:47:00Z,44.57,0,0,20.5
2019-05-04T10:48:00Z,44.62,0,0,20.49
2019-05-04T10:48:00Z,44.62,0,0,20.49
2019-05-04T10:49:00Z,44.59,0,0,20.48
2019-05-04T10:51:00Z,44.59,0,0,20.45
2019-05-04T10:51:00Z,44.59,0,0,20.45
2019-05-04T10:53:00Z,44.62,0,0,20.43
2019-05-04T10:54:00Z,44.54,0,0,20.42
2019-05-04T10:54:00Z,44.54,0,0,20.42
2019-05-04T10:56:00Z,44.5,0,0,20.44
2019-05-04T10:56:00Z,44.5,0,0,20.44
2019-05-04T10:58:00Z,44.37,0,0,20.48
2019-05-04T10:59:00Z,44.37,0,0,20.51
2019-05-04T11:00:00Z,44.38,0,0,20.52
2019-05-04T11:01:00Z,44.36,0,0,20.54
2019-05-04T11:02:00Z,44.34,0,0,20.56
2019-05-04T11:03:00Z,44.29,0,0,20.58
2019-05-04T11:04:00Z,44.17,0,0,20.61
2019-05-04T11:05:00Z,44.25,0,0,20.63
2019-05-04T11:06:00Z,44.2,0,0,20.66
2019-05-04T11:07:00Z,44.17,0,0,20.69
2019-05-04T11:07:00Z,44.17,0,0,20.69
2019-05-04T11:09:00Z,44.03,0,0,20.75
2019-05-04T11:09:00Z,44.03,0,0,20.75
2019-05-04T11:11:00Z,43.92,0,0,20.79
2019-05-04T11:12:00Z,43.92,0,0,20.79
2019-05-04T11:13:00Z,43.83,0,0,20.83
2019-05-04T11:14:00Z,43.87,0,0,20.84
2019-05-04T11:15:00Z,43.79,0,0,20.87
2019-05-04T11:16:00Z,43.72,0,0,20.89
2019-05-04T11:17:00Z,43.73,0,0,20.91
2019-05-04T11:18:00Z,43.65,0,0,20.92
2019-05-04T11:19:00Z,43.63,0,0,20.94
2019-05-04T11:20:00Z,43.61,0,0,20.94
2019-05-04T11:21:00Z,43.54,0,0,20.95
2019-05-04T11:21:00Z,43.54,0,0,20.95
2019-05-04T11:23:00Z,43.6,0,0,20.96
2019-05-04T11:24:00Z,43.55,0,0,20.95
2019-05-04T11:25:00Z,43.62,0,0,20.96
2019-05-04T11:26:00Z,43.59,0,0,20.94
2019-05-04T11:27:00Z,43.61,0,0,20.94
2019-05-04T11:28:00Z,43.65,0,0,20.94
2019-05-04T11:29:00Z,43.58,0,0,20.94
2019-05-04T11:30:00Z,43.69,0,0,20.93
2019-05-04T11:30:00Z,43.69,0,0,20.93
2019-05-04T11:32:00Z,43.7,0,0,20.94
2019-05-04T11:33:00Z,43.74,0,0,20.94
2019-05-04T11:34:00Z,43.76,0,0,20.94
2019-05-04T11:34:00Z,43.76,0,0,20.94
2019-05-04T11:36:00Z,43.66,0,0,20.95
2019-05-04T11:36:00Z,43.66,0,0,20.95
2019-05-04T11:38:00Z,43.61,0,0,20.95
2019-05-04T11:39:00Z,43.59,0,0,20.95
2019-05-04T11:41:00Z,43.62,0,0,20.94
2019-05-04T11:41:00Z,43.62,0,0,20.94
2019-05-04T11:42:00Z,43.63,0,0,20.93
2019-05-04T11:44:00Z,43.71,0,0,20.94
2019-05-04T11:46:00Z,43.8,0,0,20.94
2019-05-04T11:48:00Z,43.73,0,0,20.96
2019-05-04T11:49:00Z,43.72,0,0,20.97
2019-05-04T11:50:00Z,43.7,0,0,20.97
2019-05-04T11:50:00Z,43.7,0,0,20.97
2019-05-04T11:52:00Z,43.55,0,0,20.97
2019-05-04T11:53:00Z,43.56,0,0,20.98
2019-05-04T11:53:00Z,43.56,0,0,20.98
2019-05-04T11:55:00Z,43.64,0,0,21
2019-05-04T11:56:00Z,43.71,0,0,21.01
2019-05-04T11:57:00Z,43.7,0,0,21.02
2019-05-04T11:58:00Z,43.65,0,0,21.04
2019-05-04T11:59:00Z,43.59,0,0,21.07
2019-05-04T12:00:00Z,43.5,0,0,21.1
2019-05-04T12:01:00Z,43.34,0,0,21.12
2019-05-04T12:02:00Z,43.3,0,0,21.14
2019-05-04T12:03:00Z,43.25,0,0,21.14
2019-05-04T12:04:00Z,43.25,0,0,21.15
2019-05-04T12:04:00Z,43.25,0,0,21.15
2019-05-04T12:06:00Z,43.35,0,0,21.15
2019-05-04T12:07:00Z,43.27,0,0,21.15
2019-05-04T12:08:00Z,43.27,0,0,21.14
2019-05-04T12:09:00Z,43.26,0,0,21.14
2019-05-04T12:10:00Z,43.27,0,0,21.14
2019-05-04T12:11:00Z,43.27,0,0,21.15
2019-05-04T12:12:00Z,43.33,0,0,21.16
2019-05-04T12:13:00Z,43.33,0,0,21.17
2019-05-04T12:14:00Z,43.27,0,0,21.19
2019-05-04T12:14:00Z,43.27,0,0,21.19
2019-05-04T12:16:00Z,43.2,0,0,21.22
2019-05-04T12:17:00Z,43.23,0,0,21.23
2019-05-04T12:18:00Z,43.18,0,0,21.22
2019-05-04T12:19:00Z,43.16,0,0,21.21
2019-05-04T12:19:00Z,43.16,0,0,21.21
2019-05-04T12:20:00Z,43.16,0,0,21.21
2019-05-04T12:22:00Z,43.14,0,0,21.18
2019-05-04T12:23:00Z,43.25,0,0,21.16
2019-05-04T12:24:00Z,43.31,0,0,21.14
2019-05-04T12:25:00Z,43.37,0,0,21.12
2019-05-04T12:26:00Z,43.37,0,0,21.1
2019-05-04T12:27:00Z,43.36,0,0,21.08
2019-05-04T12:28:00Z,43.37,0,0,21.06
2019-05-04T12:29:00Z,43.4,0,0,21.04
2019-05-04T12:30:00Z,43.49,0,0,21.02
2019-05-04T12:31:00Z,43.48,0,0,21.01
2019-05-04T12:32:00Z,43.49,0,0,21
2019-05-04T12:33:00Z,43.49,0,0,20.98
2019-05-04T12:33:00Z,43.49,0,0,20.98
2019-05-04T12:35:00Z,43.57,0,0,20.95
2019-05-04T12:36:00Z,43.57,0,0,20.94
2019-05-04T12:37:00Z,43.69,0,0,20.94
2019-05-04T12:38:00Z,43.64,0,0,20.93
2019-05-04T12:39:00Z,43.71,0,0,20.92
2019-05-04T12:40:00Z,43.74,0,0,20.92
2019-05-04T12:41:00Z,43.86,0,0,20.93
2019-05-04T12:42:00Z,43.89,0,0,20.93
2019-05-04T12:43:00Z,43.87,0,0,20.94
2019-05-04T12:44:00Z,43.87,0,0,20.95
2019-05-04T12:45:00Z,43.82,0,0,20.95
2019-05-04T12:45:00Z,43.82,0,0,20.95
2019-05-04T12:47:00Z,43.9,0,0,20.96
2019-05-04T12:48:00Z,43.91,0,0,20.96
2019-05-04T12:49:00Z,43.92,0,0,20.98
2019-05-04T12:50:00Z,43.91,0,0,20.98
2019-05-04T12:50:00Z,43.91,0,0,20.98
2019-05-04T12:52:00Z,43.92,0,0,21
2019-05-04T12:52:00Z,43.92,0,0,21
2019-05-04T12:54:00Z,43.96,0,0,21.02
2019-05-04T12:55:00Z,44.03,0,0,21.03
2019-05-04T12:56:00Z,43.99,0,0,21.04
2019-05-04T12:57:00Z,43.94,0,0,21.06
2019-05-04T12:58:00Z,43.91,0,0,21.07
2019-05-04T12:59:00Z,43.91,0,0,21.08
2019-05-04T13:00:00Z,43.91,0,0,21.1
2019-05-04T13:01:00Z,43.82,0,0,21.1
2019-05-04T13:02:00Z,43.83,0,0,21.12
2019-05-04T13:03:00Z,43.81,0,0,21.12
2019-05-04T13:04:00Z,43.7,0,0,21.14
2019-05-04T13:05:00Z,43.76,0,0,21.14
2019-05-04T13:06:00Z,43.81,0,0,21.16
2019-05-04T13:07:00Z,43.75,0,0,21.16
2019-05-04T13:08:00Z,43.68,0,0,21.17
2019-05-04T13:09:00Z,43.7,0,0,21.18
2019-05-04T13:10:00Z,43.7,0,0,21.18
2019-05-04T13:11:00Z,43.63,0,0,21.18
2019-05-04T13:12:00Z,43.65,0,0,21.19
2019-05-04T13:13:00Z,43.59,0,0,21.2
2019-05-04T13:14:00Z,43.62,0,0,21.19
2019-05-04T13:15:00Z,43.7,0,0,21.21
2019-05-04T13:15:00Z,43.7,0,0,21.21
2019-05-04T13:17:00Z,43.63,0,0,21.21
2019-05-04T13:18:00Z,43.69,0,0,21.22
2019-05-04T13:19:00Z,43.59,0,0,21.22
2019-05-04T13:20:00Z,43.71,0,0,21.23
2019-05-04T13:21:00Z,43.82,0,0,21.24
2019-05-04T13:22:00Z,43.88,0,0,21.24
2019-05-04T13:23:00Z,43.93,0,0,21.24
2019-05-04T13:24:00Z,43.99,0,0,21.24
2019-05-04T13:25:00Z,43.98,0,0,21.23
2019-05-04T13:26:00Z,44.02,0,0,21.23
2019-05-04T13:27:00Z,44.02,0,0,21.22
2019-05-04T13:28:00Z,44.07,0,0,21.22
2019-05-04T13:29:00Z,44.12,0,0,21.22
2019-05-04T13:30:00Z,44.15,0,0,21.22
2019-05-04T13:31:00Z,44.22,0,0,21.22
2019-05-04T13:32:00Z,44.24,0,0,21.23
2019-05-04T13:33:00Z,44.29,0,0,21.23
2019-05-04T13:34:00Z,44.28,0,0,21.23
2019-05-04T13:35:00Z,44.33,0,0,21.25
2019-05-04T13:36:00Z,44.21,0,0,21.26
2019-05-04T13:37:00Z,44.08,0,0,21.28
2019-05-04T13:38:00Z,43.98,1,1,21.29
2019-05-04T13:39:00Z,43.84,1,1,21.3
2019-05-04T13:40:00Z,43.75,0,0,21.32
2019-05-04T13:41:00Z,43.63,2,2,21.33
2019-05-04T13:42:00Z,43.42,1,1,21.34
2019-05-04T13:43:00Z,43.42,2,2,21.35
2019-05-04T13:44:00Z,43.3,3,1,21.35
2019-05-04T13:44:00Z,43.3,3,1,21.35
2019-05-04T13:45:00Z,43.26,2,1,21.36
2019-05-04T13:47:00Z,43.28,0,0,21.36
2019-05-04T13:47:00Z,43.28,0,0,21.36
2019-05-04T13:49:00Z,43.43,1,1,21.36
2019-05-04T13:50:00Z,43.5,1,1,21.35
2019-05-04T13:51:00Z,43.54,1,1,21.34
2019-05-04T13:52:00Z,43.54,0,0,21.34
2019-05-04T13:52:00Z,43.54,0,0,21.34
2019-05-04T13:54:00Z,43.53,1,1,21.33
2019-05-04T13:55:00Z,43.56,1,1,21.33
2019-05-04T13:56:00Z,43.63,1,1,21.33
2019-05-04T13:56:00Z,43.63,1,1,21.33
2019-05-04T13:58:00Z,43.63,1,1,21.31
2019-05-04T13:59:00Z,43.69,0,0,21.31
2019-05-04T14:00:00Z,43.69,1,1,21.3
2019-05-04T14:01:00Z,43.75,1,0,21.3
2019-05-04T14:02:00Z,43.77,1,1,21.29
2019-05-04T14:03:00Z,43.83,0,0,21.29
2019-05-04T14:04:00Z,43.87,0,0,21.29
2019-05-04T14:05:00Z,43.89,1,0,21.29
2019-05-04T14:06:00Z,43.93,1,1,21.29
2019-05-04T14:07:00Z,43.97,0,0,21.29
2019-05-04T14:08:00Z,44.03,0,0,21.28
2019-05-04T14:09:00Z,44.06,1,1,21.29
2019-05-04T14:10:00Z,44.08,1,1,21.29
2019-05-04T14:11:00Z,44.12,1,1,21.29
2019-05-04T14:12:00Z,44.13,1,1,21.28
2019-05-04T14:12:00Z,44.13,1,1,21.28
2019-05-04T14:14:00Z,44.21,0,0,21.28
2019-05-04T14:15:00Z,44.24,0,0,21.28
2019-05-04T14:16:00Z,44.29,1,1,21.29
2019-05-04T14:17:00Z,44.31,0,0,21.29
2019-05-04T14:18:00Z,44.33,0,0,21.29
2019-05-04T14:19:00Z,44.37,1,1,21.29
2019-05-04T14:20:00Z,44.36,0,0,21.3
2019-05-04T14:21:00Z,44.39,0,0,21.3
2019-05-04T14:22:00Z,44.42,0,0,21.31
2019-05-04T14:23:00Z,44.42,0,0,21.31
2019-05-04T14:24:00Z,44.44,0,0,21.33
2019-05-04T14:25:00Z,44.46,0,0,21.33
2019-05-04T14:26:00Z,44.47,1,1,21.34
2019-05-04T14:27:00Z,44.48,0,0,21.34
2019-05-04T14:28:00Z,44.5,0,0,21.35
2019-05-04T14:29:00Z,44.54,0,0,21.35
2019-05-04T14:30:00Z,44.54,0,0,21.36
2019-05-04T14:31:00Z,44.59,0,0,21.37
2019-05-04T14:32:00Z,44.58,0,0,21.37
2019-05-04T14:33:00Z,44.05,1,1,21.57
2019-05-04T14:34:00Z,44.08,0,0,21.57
2019-05-04T14:35:00Z,44.11,0,0,21.56
2019-05-04T14:36:00Z,44.13,1,1,21.57
2019-05-04T14:37:00Z,44.15,0,0,21.58
2019-05-04T14:38:00Z,44.16,0,0,21.58
2019-05-04T14:39:00Z,44.17,0,0,21.58
2019-05-04T14:40:00Z,44.17,0,0,21.58
2019-05-04T14:41:00Z,44.2,0,0,21.58
2019-05-04T14:42:00Z,44.21,0,0,21.58
2019-05-04T14:43:00Z,44.22,0,0,21.59
2019-05-04T14:44:00Z,44.23,0,0,21.59
2019-05-04T14:45:00Z,44.24,0,0,21.59
2019-05-04T14:46:00Z,44.26,0,0,21.58
2019-05-04T14:47:00Z,44.27,0,0,21.58
2019-05-04T14:48:00Z,44.28,0,0,21.58
2019-05-04T14:49:00Z,44.32,0,0,21.58
2019-05-04T14:50:00Z,44.32,0,0,21.58
2019-05-04T14:51:00Z,44.34,0,0,21.58
2019-05-04T14:52:00Z,44.33,0,0,21.58
2019-05-04T14:53:00Z,44.36,0,0,21.58
2019-05-04T14:54:00Z,44.36,0,0,21.58
2019-05-04T14:55:00Z,44.38,0,0,21.59
2019-05-04T14:56:00Z,44.4,0,0,21.59
2019-05-04T14:57:00Z,44.38,0,0,21.6
2019-05-04T14:58:00Z,44.39,0,0,21.6
2019-05-04T14:59:00Z,44.39,1,1,21.6
2019-05-04T15:00:00Z,44.41,0,0,21.61
2019-05-04T15:01:00Z,44.41,0,0,21.61
2019-05-04T15:02:00Z,44.98,0,0,21.41
2019-05-04T15:03:00Z,44.82,0,0,21.54
2019-05-04T15:04:00Z,44.56,0,0,21.67
2019-05-04T15:05:00Z,44.39,0,0,21.75
2019-05-04T15:06:00Z,44.3,0,0,21.8
2019-05-04T15:07:00Z,44.24,0,0,21.82
2019-05-04T15:08:00Z,44.26,0,0,21.82
2019-05-04T15:09:00Z,44.26,0,0,21.82
2019-05-04T15:10:00Z,44.29,0,0,21.8
2019-05-04T15:11:00Z,44.34,0,0,21.78
2019-05-04T15:12:00Z,44.38,0,0,21.76
2019-05-04T15:13:00Z,44.4,0,0,21.73
2019-05-04T15:14:00Z,44.48,0,0,21.71
2019-05-04T15:15:00Z,44.53,0,0,21.68
2019-05-04T15:16:00Z,44.6,0,0,21.65
2019-05-04T15:17:00Z,44.65,0,0,21.63
2019-05-04T15:18:00Z,44.71,0,0,21.6
2019-05-04T15:19:00Z,44.74,0,0,21.58
2019-05-04T15:20:00Z,44.79,0,0,21.54
2019-05-04T15:20:00Z,44.79,0,0,21.54
2019-05-04T15:22:00Z,44.9,0,0,21.51
2019-05-04T15:23:00Z,44.92,0,0,21.48
2019-05-04T15:24:00Z,44.93,0,0,21.46
2019-05-04T15:25:00Z,44.95,0,0,21.44
2019-05-04T15:26:00Z,45,0,0,21.41
2019-05-04T15:27:00Z,45.03,0,0,21.39
2019-05-04T15:28:00Z,45.05,0,0,21.38
2019-05-04T15:29:00Z,45.09,0,0,21.37
2019-05-04T15:30:00Z,45.1,0,0,21.34
2019-05-04T15:31:00Z,45.09,0,0,21.34
2019-05-04T15:32:00Z,45.13,0,0,21.32
2019-05-04T15:33:00Z,45.15,0,0,21.31
2019-05-04T15:34:00Z,45.15,0,0,21.3
2019-05-04T15:35:00Z,45.17,0,0,21.29
2019-05-04T15:36:00Z,45.16,0,0,21.29
2019-05-04T15:37:00Z,45.17,0,0,21.28
2019-05-04T15:38:00Z,45.18,0,0,21.26
2019-05-04T15:39:00Z,45.24,0,0,21.25
2019-05-04T15:40:00Z,45.24,0,0,21.22
2019-05-04T15:41:00Z,45.29,0,0,21.2
2019-05-04T15:42:00Z,45.33,0,0,21.18
2019-05-04T15:43:00Z,45.36,0,0,21.15
2019-05-04T15:44:00Z,45.38,0,0,21.14
2019-05-04T15:45:00Z,45.43,0,0,21.11
2019-05-04T15:46:00Z,45.45,0,0,21.1
2019-05-04T15:47:00Z,45.47,0,0,21.08
2019-05-04T15:48:00Z,45.46,0,0,21.08
2019-05-04T15:49:00Z,45.5,0,0,21.07
2019-05-04T15:50:00Z,45.49,0,0,21.07
2019-05-04T15:51:00Z,45.45,0,0,21.07
2019-05-04T15:52:00Z,45.46,0,0,21.06
2019-05-04T15:53:00Z,45.45,0,0,21.06
2019-05-04T15:54:00Z,45.5,0,0,21.05
2019-05-04T15:55:00Z,45.52,0,0,21.04
2019-05-04T15:56:00Z,45.6,0,0,21.03
2019-05-04T15:57:00Z,45.69,0,0,21.03
2019-05-04T15:58:00Z,45.62,0,0,21.03
2019-05-04T15:59:00Z,45.6,0,0,21.03
2019-05-04T16:00:00Z,45.68,0,0,21.02
2019-05-04T16:01:00Z,45.72,0,0,21
2019-05-04T16:02:00Z,45.74,0,0,20.99
2019-05-04T16:03:00Z,45.79,0,0,20.96
2019-05-04T16:04:00Z,45.86,0,0,20.94
2019-05-04T16:05:00Z,45.93,0,0,20.92
2019-05-04T16:06:00Z,45.94,0,0,20.9
2019-05-04T16:07:00Z,45.95,0,0,20.88
2019-05-04T16:08:00Z,46.02,0,0,20.87
2019-05-04T16:09:00Z,46,0,0,20.85
2019-05-04T16:10:00Z,46.05,0,0,20.85
2019-05-04T16:11:00Z,46.15,0,0,20.84
2019-05-04T16:12:00Z,46.14,0,0,20.84
2019-05-04T16:13:00Z,46.19,0,0,20.84
2019-05-04T16:14:00Z,46.28,0,0,20.84
2019-05-04T16:15:00Z,46.23,0,0,20.84
2019-05-04T16:16:00Z,46.25,0,0,20.84
2019-05-04T16:17:00Z,46.25,0,0,20.84
2019-05-04T16:18:00Z,46.27,0,0,20.82
2019-05-04T16:20:00Z,46.29,0,0,20.81
2019-05-04T16:20:00Z,46.29,0,0,20.81
2019-05-04T16:21:00Z,46.27,0,0,20.81
2019-05-04T16:22:00Z,46.32,0,0,20.8
2019-05-04T16:23:00Z,46.3,0,0,20.79
2019-05-04T16:24:00Z,46.32,1,1,20.79
2019-05-04T16:25:00Z,46.3,1,1,20.78
2019-05-04T16:27:00Z,46.2,0,0,20.75
2019-05-04T16:27:00Z,46.2,0,0,20.75
2019-05-04T16:28:00Z,46.28,1,1,20.73
2019-05-04T16:29:00Z,46.32,1,1,20.7
2019-05-04T16:30:00Z,46.4,3,3,20.68
2019-05-04T16:31:00Z,46.5,1,1,20.68
2019-05-04T16:32:00Z,46.42,1,1,20.68
2019-05-04T16:33:00Z,46.44,2,2,20.68
2019-05-04T16:35:00Z,46.39,3,3,20.69
2019-05-04T16:35:00Z,46.39,3,3,20.69
2019-05-04T16:36:00Z,46.37,1,1,20.7
2019-05-04T16:37:00Z,46.43,3,3,20.68
2019-05-04T16:38:00Z,46.44,3,3,20.66
2019-05-04T16:39:00Z,46.42,2,2,20.64
2019-05-04T16:40:00Z,46.47,3,3,20.62
2019-05-04T16:42:00Z,46.51,3,3,20.56
2019-05-04T16:42:00Z,46.51,3,3,20.56
2019-05-04T16:43:00Z,46.52,2,2,20.54
2019-05-04T16:44:00Z,46.55,1,1,20.52
2019-05-04T16:45:00Z,46.55,1,1,20.49
2019-05-04T16:46:00Z,46.58,3,3,20.47
2019-05-04T16:47:00Z,46.58,3,3,20.44
2019-05-04T16:48:00Z,46.57,1,1,20.43
2019-05-04T16:49:00Z,46.58,3,3,20.4
2019-05-04T16:50:00Z,46.56,4,3,20.39
2019-05-04T16:51:00Z,46.59,3,3,20.37
2019-05-04T16:52:00Z,46.55,2,1,20.37
2019-05-04T16:53:00Z,46.53,3,2,20.35
2019-05-04T16:54:00Z,46.55,3,2,20.33
2019-05-04T16:55:00Z,46.52,0,0,20.31
2019-05-04T16:56:00Z,46.55,3,3,20.28
2019-05-04T16:57:00Z,46.54,3,2,20.27
2019-05-04T16:59:00Z,46.63,3,3,20.23
2019-05-04T16:59:00Z,46.63,3,3,20.23
2019-05-04T17:00:00Z,46.58,4,4,20.2
2019-05-04T17:01:00Z,46.57,3,3,20.19
2019-05-04T17:02:00Z,46.62,3,3,20.17
2019-05-04T17:03:00Z,46.61,3,3,20.16
2019-05-04T17:04:00Z,46.62,1,1,20.14
2019-05-04T17:05:00Z,46.58,3,3,20.12
2019-05-04T17:06:00Z,46.64,1,1,20.1
2019-05-04T17:07:00Z,46.66,0,0,20.08
2019-05-04T17:08:00Z,46.71,0,0,20.05
2019-05-04T17:09:00Z,46.75,1,1,20.03
2019-05-04T17:10:00Z,46.74,3,3,20.02
2019-05-04T17:11:00Z,46.71,3,3,20
2019-05-04T17:12:00Z,46.74,3,2,19.99
2019-05-04T17:13:00Z,46.77,1,1,19.98
2019-05-04T17:14:00Z,46.79,1,1,19.95
2019-05-04T17:15:00Z,46.78,1,1,19.95
2019-05-04T17:16:00Z,46.81,2,2,19.93
2019-05-04T17:17:00Z,46.78,1,1,19.93
2019-05-04T17:18:00Z,46.82,1,1,19.91
2019-05-04T17:19:00Z,46.82,1,1,19.91
2019-05-04T17:20:00Z,46.81,1,1,19.9
2019-05-04T17:21:00Z,46.82,0,0,19.89
2019-05-04T17:22:00Z,46.82,1,1,19.88
2019-05-04T17:23:00Z,46.81,1,1,19.87
2019-05-04T17:24:00Z,46.85,3,3,19.86
2019-05-04T17:25:00Z,46.82,1,1,19.85
2019-05-04T17:26:00Z,46.81,0,0,19.83
2019-05-04T17:27:00Z,46.84,0,0,19.81
2019-05-04T17:28:00Z,46.85,1,1,19.8
2019-05-04T17:29:00Z,46.85,3,3,19.77
2019-05-04T17:30:00Z,46.88,3,3,19.75
2019-05-04T17:31:00Z,46.91,1,1,19.73
2019-05-04T17:32:00Z,46.94,1,0,19.71
2019-05-04T17:33:00Z,46.98,1,1,19.7
2019-05-04T17:35:00Z,47.02,1,1,19.66
2019-05-04T17:35:00Z,47.02,1,1,19.66
2019-05-04T17:36:00Z,47.03,0,0,19.64
2019-05-04T17:37:00Z,47.09,1,1,19.63
2019-05-04T17:38:00Z,47.08,0,0,19.61
2019-05-04T17:39:00Z,47.12,0,0,19.58
2019-05-04T17:40:00Z,47.12,3,3,19.58
2019-05-04T17:41:00Z,47.13,1,1,19.57
2019-05-04T17:42:00Z,47.16,1,1,19.56
2019-05-04T17:43:00Z,47.14,1,1,19.55
2019-05-04T17:44:00Z,47.17,1,1,19.53
2019-05-04T17:46:00Z,47.19,1,1,19.51
2019-05-04T17:46:00Z,47.19,1,1,19.51
2019-05-04T17:47:00Z,47.19,1,1,19.49
2019-05-04T17:48:00Z,47.22,1,1,19.47
2019-05-04T17:49:00Z,47.28,0,0,19.46
2019-05-04T17:50:00Z,47.26,0,0,19.45
2019-05-04T17:51:00Z,47.29,0,0,19.43
2019-05-04T17:52:00Z,47.31,2,2,19.42
2019-05-04T17:53:00Z,47.32,2,2,19.4
2019-05-04T17:54:00Z,47.34,1,1,19.39
2019-05-04T17:55:00Z,47.39,1,1,19.37
2019-05-04T17:56:00Z,47.4,0,0,19.35
2019-05-04T17:57:00Z,47.43,1,1,19.34
2019-05-04T17:58:00Z,47.47,1,1,19.32
2019-05-04T17:59:00Z,47.47,1,1,19.3
2019-05-04T18:00:00Z,47.51,0,0,19.29
2019-05-04T18:01:00Z,47.53,1,1,19.28
2019-05-04T18:02:00Z,47.53,1,1,19.26
2019-05-04T18:06:00Z,47.58,0,0,19.2
2019-05-04T18:06:00Z,47.58,0,0,19.2
2019-05-04T18:10:00Z,47.71,1,1,19.14
2019-05-04T18:11:00Z,47.75,1,1,19.13
2019-05-04T18:12:00Z,47.76,1,1,19.12
2019-05-04T18:13:00Z,47.71,2,1,19.12
2019-05-04T18:14:00Z,47.73,0,0,19.11
2019-05-04T18:15:00Z,47.74,1,1,19.11
2019-05-04T18:16:00Z,47.74,1,1,19.09
2019-05-04T18:17:00Z,47.76,0,0,19.08
2019-05-04T18:18:00Z,47.72,0,0,19.07
2019-05-04T18:19:00Z,47.79,0,0,19.06
2019-05-04T18:20:00Z,47.78,0,0,19.04
2019-05-04T18:21:00Z,47.81,1,1,19.03
2019-05-04T18:22:00Z,47.83,0,0,19.02
2019-05-04T18:23:00Z,47.83,1,1,19.02
2019-05-04T18:24:00Z,47.83,1,1,19.01
2019-05-04T18:26:00Z,47.89,0,0,18.97
2019-05-04T18:26:00Z,47.89,0,0,18.97
2019-05-04T18:27:00Z,47.88,0,0,18.96
2019-05-04T18:28:00Z,47.9,1,1,18.95
2019-05-04T18:29:00Z,47.96,1,1,18.93
2019-05-04T18:30:00Z,47.95,1,1,18.93
2019-05-04T18:31:00Z,47.94,0,0,18.91
2019-05-04T18:32:00Z,47.98,0,0,18.89
2019-05-04T18:33:00Z,48.03,3,3,18.89
2019-05-04T18:34:00Z,48.02,0,0,18.88
2019-05-04T18:35:00Z,48.01,1,1,18.86
2019-05-04T18:36:00Z,48.03,1,1,18.86
2019-05-04T18:37:00Z,48.06,0,0,18.85
2019-05-04T18:38:00Z,48.07,1,1,18.84
2019-05-04T18:39:00Z,48.07,1,1,18.82
2019-05-04T18:40:00Z,48.08,0,0,18.81
2019-05-04T18:41:00Z,48.12,1,1,18.8
2019-05-04T18:42:00Z,48.08,0,0,18.79
2019-05-04T18:44:00Z,48.13,0,0,18.77
2019-05-04T18:45:00Z,48.15,0,0,18.76
2019-05-04T18:45:00Z,48.15,0,0,18.76
2019-05-04T18:46:00Z,48.17,1,1,18.75
2019-05-04T18:48:00Z,48.19,0,0,18.72
2019-05-04T18:48:00Z,48.19,0,0,18.72
2019-05-04T18:49:00Z,48.21,0,0,18.71
2019-05-04T18:50:00Z,48.23,0,0,18.7
2019-05-04T18:51:00Z,48.24,0,0,18.68
2019-05-04T18:52:00Z,48.26,1,1,18.67
2019-05-04T18:53:00Z,48.27,0,0,18.66
2019-05-04T18:55:00Z,48.34,0,0,18.63
2019-05-04T18:55:00Z,48.34,0,0,18.63
2019-05-04T18:56:00Z,48.34,0,0,18.62
2019-05-04T18:58:00Z,48.35,1,1,18.59
2019-05-04T18:58:00Z,48.35,1,1,18.59
2019-05-04T18:59:00Z,48.33,1,1,18.6
2019-05-04T19:00:00Z,48.34,1,1,18.59
2019-05-04T19:01:00Z,48.35,1,1,18.58
2019-05-04T19:02:00Z,48.35,1,1,18.57
2019-05-04T19:03:00Z,48.35,0,0,18.57
2019-05-04T19:05:00Z,48.37,1,1,18.55
2019-05-04T19:05:00Z,48.37,1,1,18.55
2019-05-04T19:06:00Z,48.4,2,2,18.53
2019-05-04T19:08:00Z,48.43,0,0,18.51
2019-05-04T19:08:00Z,48.43,0,0,18.51
2019-05-04T19:09:00Z,48.42,0,0,18.5
2019-05-04T19:10:00Z,48.45,0,0,18.49
2019-05-04T19:11:00Z,48.45,1,1,18.49
2019-05-04T19:13:00Z,48.45,0,0,18.47
2019-05-04T19:13:00Z,48.45,0,0,18.47
2019-05-04T19:14:00Z,48.45,1,1,18.46
2019-05-04T19:16:00Z,48.48,1,1,18.44
2019-05-04T19:16:00Z,48.48,1,1,18.44
2019-05-04T19:17:00Z,48.5,0,0,18.43
2019-05-04T19:18:00Z,48.52,1,1,18.42
2019-05-04T19:19:00Z,48.53,1,1,18.4
2019-05-04T19:20:00Z,48.54,0,0,18.39
2019-05-04T19:21:00Z,48.55,0,0,18.38
2019-05-04T19:22:00Z,48.53,0,0,18.37
2019-05-04T19:23:00Z,48.57,0,0,18.36
2019-05-04T19:24:00Z,48.59,0,0,18.35
2019-05-04T19:25:00Z,48.63,1,1,18.33
2019-05-04T19:26:00Z,48.65,0,0,18.33
2019-05-04T19:27:00Z,48.61,0,0,18.32
2019-05-04T19:28:00Z,48.66,0,0,18.3
2019-05-04T19:30:00Z,48.67,1,1,18.28
2019-05-04T19:30:00Z,48.67,1,1,18.28
2019-05-04T19:32:00Z,48.68,1,1,18.26
2019-05-04T19:32:00Z,48.68,1,1,18.26
2019-05-04T19:34:00Z,48.7,0,0,18.24
2019-05-04T19:34:00Z,48.7,0,0,18.24
2019-05-04T19:35:00Z,48.69,1,1,18.24
2019-05-04T19:36:00Z,48.71,1,1,18.23
2019-05-04T19:37:00Z,48.72,0,0,18.22
2019-05-04T19:38:00Z,48.73,0,0,18.21
2019-05-04T19:40:00Z,48.7,0,0,18.2
2019-05-04T19:40:00Z,48.7,0,0,18.2
2019-05-04T19:41:00Z,48.72,3,3,18.19
2019-05-04T19:42:00Z,48.73,0,0,18.18
2019-05-04T19:43:00Z,48.74,0,0,18.17
2019-05-04T19:45:00Z,48.8,0,0,18.15
2019-05-04T19:45:00Z,48.8,0,0,18.15
2019-05-04T19:46:00Z,48.81,0,0,18.13
2019-05-04T19:47:00Z,48.83,1,0,18.12
2019-05-04T19:48:00Z,48.84,0,0,18.11
2019-05-04T19:50:00Z,48.87,0,0,18.09
2019-05-04T19:50:00Z,48.87,0,0,18.09
2019-05-04T19:51:00Z,48.87,0,0,18.08
2019-05-04T19:52:00Z,48.85,0,0,18.07
2019-05-04T19:53:00Z,48.85,0,0,18.06
2019-05-04T19:54:00Z,48.88,0,0,18.05
2019-05-04T19:55:00Z,48.9,0,0,18.05
2019-05-04T19:56:00Z,48.88,0,0,18.03
2019-05-04T19:57:00Z,48.89,0,0,18.03
2019-05-04T19:58:00Z,48.89,1,1,18.03
2019-05-04T19:59:00Z,48.9,0,0,18.01
2019-05-04T20:00:00Z,48.91,0,0,17.99
2019-05-04T20:01:00Z,48.94,1,1,17.99
2019-05-04T20:02:00Z,48.96,0,0,17.97
2019-05-04T20:03:00Z,48.95,0,0,17.96
2019-05-04T20:04:00Z,48.97,2,2,17.95
2019-05-04T20:05:00Z,49,1,1,17.94
2019-05-04T20:07:00Z,49.03,1,1,17.91
2019-05-04T20:07:00Z,49.03,1,1,17.91
2019-05-04T20:08:00Z,49.04,0,0,17.9
2019-05-04T20:09:00Z,49.05,1,1,17.89
2019-05-04T20:10:00Z,49.02,1,1,17.88
2019-05-04T20:11:00Z,49.06,1,1,17.87
2019-05-04T20:12:00Z,49.07,1,1,17.86
2019-05-04T20:14:00Z,49.06,1,1,17.84
2019-05-04T20:14:00Z,49.06,1,1,17.84
2019-05-04T20:16:00Z,49.08,0,0,17.83
2019-05-04T20:16:00Z,49.08,0,0,17.83
2019-05-04T20:17:00Z,49.11,1,1,17.82
2019-05-04T20:18:00Z,49.12,0,0,17.81
2019-05-04T20:19:00Z,49.12,1,1,17.79
2019-05-04T20:21:00Z,49.11,1,1,17.78
2019-05-04T20:21:00Z,49.11,1,1,17.78
2019-05-04T20:22:00Z,49.14,1,1,17.77
2019-05-04T20:23:00Z,49.15,0,0,17.77
2019-05-04T20:24:00Z,49.16,1,1,17.75
2019-05-04T20:25:00Z,49.17,0,0,17.75
2019-05-04T20:26:00Z,49.18,1,1,17.73
2019-05-04T20:27:00Z,49.16,0,0,17.72
2019-05-04T20:28:00Z,49.18,1,1,17.72
2019-05-04T20:29:00Z,49.18,0,0,17.71
2019-05-04T20:30:00Z,49.18,0,0,17.71
2019-05-04T20:32:00Z,49.17,0,0,17.69
2019-05-04T20:32:00Z,49.17,0,0,17.69
2019-05-04T20:33:00Z,49.2,1,1,17.68
2019-05-04T20:35:00Z,49.24,0,0,17.65
2019-05-04T20:35:00Z,49.24,0,0,17.65
2019-05-04T20:36:00Z,49.23,0,0,17.64
2019-05-04T20:38:00Z,49.26,0,0,17.62
2019-05-04T20:38:00Z,49.26,0,0,17.62
2019-05-04T20:39:00Z,49.28,0,0,17.61
2019-05-04T20:40:00Z,49.27,0,0,17.61
2019-05-04T20:41:00Z,49.29,0,0,17.6
2019-05-04T20:42:00Z,49.29,0,0,17.59
2019-05-04T20:43:00Z,49.3,0,0,17.59
2019-05-04T20:45:00Z,49.3,0,0,17.57
2019-05-04T20:45:00Z,49.3,0,0,17.57
2019-05-04T20:46:00Z,49.34,0,0,17.55
2019-05-04T20:48:00Z,49.37,0,0,17.53
2019-05-04T20:49:00Z,49.35,0,0,17.53
2019-05-04T20:49:00Z,49.35,0,0,17.53
2019-05-04T20:50:00Z,49.39,0,0,17.51
2019-05-04T20:52:00Z,49.35,0,0,17.5
2019-05-04T20:52:00Z,49.35,0,0,17.5
2019-05-04T20:53:00Z,49.35,0,0,17.5
2019-05-04T20:54:00Z,49.37,0,0,17.49
2019-05-04T20:55:00Z,49.38,2,2,17.48
2019-05-04T20:56:00Z,49.4,0,0,17.47
2019-05-04T20:57:00Z,49.37,1,0,17.45
2019-05-04T20:58:00Z,49.39,0,0,17.45
2019-05-04T20:59:00Z,49.4,0,0,17.44
2019-05-04T21:00:00Z,49.41,0,0,17.44
2019-05-04T21:02:00Z,49.4,0,0,17.42
2019-05-04T21:03:00Z,49.41,0,0,17.42
2019-05-04T21:03:00Z,49.41,0,0,17.42
2019-05-04T21:04:00Z,49.42,0,0,17.4
2019-05-04T21:05:00Z,49.42,0,0,17.4
2019-05-04T21:06:00Z,49.43,2,2,17.39
2019-05-04T21:08:00Z,49.46,1,1,17.37
2019-05-04T21:09:00Z,49.47,1,1,17.36
2019-05-04T21:09:00Z,49.47,1,1,17.36
2019-05-04T21:10:00Z,49.45,0,0,17.36
2019-05-04T21:11:00Z,49.44,2,2,17.35
2019-05-04T21:12:00Z,49.44,0,0,17.34
2019-05-04T21:13:00Z,49.47,1,1,17.33
2019-05-04T21:14:00Z,49.5,1,1,17.32
2019-05-04T21:15:00Z,49.48,1,1,17.31
2019-05-04T21:17:00Z,49.52,1,1,17.29
2019-05-04T21:18:00Z,49.51,0,0,17.29
2019-05-04T21:18:00Z,49.51,0,0,17.29
2019-05-04T21:19:00Z,49.53,0,0,17.27
2019-05-04T21:20:00Z,49.54,1,1,17.27
2019-05-04T21:21:00Z,49.55,1,1,17.25
2019-05-04T21:22:00Z,49.57,0,0,17.25
2019-05-04T21:23:00Z,49.56,0,0,17.25
2019-05-04T21:24:00Z,49.53,0,0,17.24
2019-05-04T21:25:00Z,49.57,0,0,17.24
2019-05-04T21:26:00Z,49.55,0,0,17.24
2019-05-04T21:27:00Z,49.59,0,0,17.24
2019-05-04T21:28:00Z,49.57,0,0,17.23
2019-05-04T21:29:00Z,49.62,0,0,17.24
2019-05-04T21:31:00Z,49.64,0,0,17.23
2019-05-04T21:32:00Z,49.67,0,0,17.23
2019-05-04T21:32:00Z,49.67,0,0,17.23
2019-05-04T21:33:00Z,49.7,0,0,17.23
2019-05-04T21:34:00Z,49.72,2,1,17.23
2019-05-04T21:36:00Z,49.8,0,0,17.24
2019-05-04T21:36:00Z,49.8,0,0,17.24
2019-05-04T21:37:00Z,49.78,0,0,17.23
2019-05-04T21:39:00Z,49.87,0,0,17.24
2019-05-04T21:40:00Z,49.87,0,0,17.25
2019-05-04T21:40:00Z,49.87,0,0,17.25
2019-05-04T21:41:00Z,49.94,0,0,17.25
2019-05-04T21:43:00Z,49.95,0,0,17.25
2019-05-04T21:43:00Z,49.95,0,0,17.25
2019-05-04T21:45:00Z,49.98,0,0,17.27
2019-05-04T21:45:00Z,49.98,0,0,17.27
2019-05-04T21:47:00Z,50.08,0,0,17.28
2019-05-04T21:47:00Z,50.08,0,0,17.28
2019-05-04T21:49:00Z,50.13,0,0,17.29
2019-05-04T21:49:00Z,50.13,0,0,17.29
2019-05-04T21:51:00Z,50.13,0,0,17.3
2019-05-04T21:51:00Z,50.13,0,0,17.3
2019-05-04T21:53:00Z,50.14,0,0,17.32
2019-05-04T21:53:00Z,50.14,0,0,17.32
2019-05-04T21:55:00Z,50.17,0,0,17.33
2019-05-04T21:55:00Z,50.17,0,0,17.33
2019-05-04T21:56:00Z,50.18,0,0,17.33
2019-05-04T21:57:00Z,50.23,0,0,17.34
2019-05-04T21:59:00Z,50.24,0,0,17.35
2019-05-04T21:59:00Z,50.24,0,0,17.35
2019-05-04T22:01:00Z,50.3,0,0,17.37
2019-05-04T22:01:00Z,50.3,0,0,17.37
2019-05-04T22:03:00Z,50.29,0,0,17.39
2019-05-04T22:03:00Z,50.29,0,0,17.39
2019-05-04T22:04:00Z,50.3,3,2,17.39
2019-05-04T22:06:00Z,50.31,0,0,17.41
2019-05-04T22:06:00Z,50.31,0,0,17.41
2019-05-04T22:07:00Z,50.31,1,1,17.41
2019-05-04T22:08:00Z,50.3,0,0,17.42
2019-05-04T22:09:00Z,50.31,1,1,17.43
2019-05-04T22:10:00Z,50.35,1,1,17.44
2019-05-04T22:12:00Z,50.32,0,0,17.45
2019-05-04T22:12:00Z,50.32,0,0,17.45
2019-05-04T22:14:00Z,50.37,0,0,17.47
2019-05-04T22:14:00Z,50.37,0,0,17.47
2019-05-04T22:15:00Z,50.33,0,0,17.47
2019-05-04T22:17:00Z,50.34,1,1,17.49
2019-05-04T22:17:00Z,50.34,1,1,17.49
2019-05-04T22:19:00Z,50.42,0,0,17.5
2019-05-04T22:19:00Z,50.42,0,0,17.5
2019-05-04T22:20:00Z,50.4,0,0,17.51
2019-05-04T22:21:00Z,50.38,1,1,17.52
2019-05-04T22:23:00Z,50.4,0,0,17.53
2019-05-04T22:23:00Z,50.4,0,0,17.53
2019-05-04T22:25:00Z,50.39,0,0,17.55
2019-05-04T22:25:00Z,50.39,0,0,17.55
2019-05-04T22:26:00Z,50.39,0,0,17.55
2019-05-04T22:27:00Z,50.44,1,1,17.56
2019-05-04T22:29:00Z,50.44,0,0,17.58
2019-05-04T22:30:00Z,50.48,1,1,17.58
2019-05-04T22:30:00Z,50.48,1,1,17.58
2019-05-04T22:31:00Z,50.46,0,0,17.59
2019-05-04T22:32:00Z,50.43,1,1,17.6
2019-05-04T22:34:00Z,50.45,0,0,17.61
2019-05-04T22:35:00Z,50.45,0,0,17.62
2019-05-04T22:35:00Z,50.45,0,0,17.62
2019-05-04T22:36:00Z,50.43,0,0,17.62
2019-05-04T22:37:00Z,50.49,0,0,17.62
2019-05-04T22:38:00Z,50.49,0,0,17.63
2019-05-04T22:39:00Z,50.46,0,0,17.64
2019-05-04T22:41:00Z,50.47,0,0,17.65
2019-05-04T22:42:00Z,50.48,0,0,17.66
2019-05-04T22:42:00Z,50.48,0,0,17.66
2019-05-04T22:44:00Z,50.48,0,0,17.66
2019-05-04T22:45:00Z,50.46,0,0,17.67
2019-05-04T22:45:00Z,50.46,0,0,17.67
2019-05-04T22:47:00Z,50.5,0,0,17.68
2019-05-04T22:48:00Z,50.49,0,0,17.69
2019-05-04T22:49:00Z,50.49,0,0,17.69
2019-05-04T22:49:00Z,50.49,0,0,17.69
2019-05-04T22:50:00Z,50.47,0,0,17.7
2019-05-04T22:52:00Z,50.49,0,0,17.7
2019-05-04T22:52:00Z,50.49,0,0,17.7
2019-05-04T22:53:00Z,50.44,0,0,17.71
2019-05-04T22:55:00Z,50.43,0,0,17.72
2019-05-04T22:55:00Z,50.43,0,0,17.72
2019-05-04T22:56:00Z,50.5,0,0,17.72
2019-05-04T22:57:00Z,50.46,0,0,17.72
2019-05-04T22:58:00Z,50.45,0,0,17.72
2019-05-04T22:59:00Z,50.44,0,0,17.73
2019-05-04T23:00:00Z,50.47,1,0,17.74
2019-05-04T23:02:00Z,50.47,0,0,17.74
2019-05-04T23:03:00Z,50.45,0,0,17.74
2019-05-04T23:04:00Z,50.45,1,1,17.75
2019-05-04T23:05:00Z,50.45,0,0,17.75
2019-05-04T23:06:00Z,50.48,1,1,17.76
2019-05-04T23:07:00Z,50.46,0,0,17.76
2019-05-04T23:07:00Z,50.46,0,0,17.76
2019-05-04T23:08:00Z,50.49,0,0,17.76
2019-05-04T23:09:00Z,50.46,0,0,17.77
2019-05-04T23:10:00Z,50.46,0,0,17.77
2019-05-04T23:11:00Z,50.47,0,0,17.77
2019-05-04T23:12:00Z,50.5,0,0,17.77
2019-05-04T23:13:00Z,50.48,1,1,17.78
2019-05-04T23:14:00Z,50.47,0,0,17.78
2019-05-04T23:16:00Z,50.46,0,0,17.78
2019-05-04T23:16:00Z,50.46,0,0,17.78
2019-05-04T23:17:00Z,50.5,0,0,17.79
2019-05-04T23:19:00Z,50.47,1,1,17.79
2019-05-04T23:19:00Z,50.47,1,1,17.79
2019-05-04T23:21:00Z,50.5,1,1,17.8
2019-05-04T23:21:00Z,50.5,1,1,17.8
2019-05-04T23:22:00Z,50.48,0,0,17.8
2019-05-04T23:23:00Z,50.45,0,0,17.8
2019-05-04T23:24:00Z,50.43,0,0,17.8
2019-05-04T23:25:00Z,50.48,1,1,17.79
2019-05-04T23:27:00Z,50.46,0,0,17.8
2019-05-04T23:27:00Z,50.46,0,0,17.8
2019-05-04T23:28:00Z,50.53,1,1,17.79
2019-05-04T23:29:00Z,50.54,0,0,17.8
2019-05-08T08:43:00Z,53.59,23,20,19.56
2019-05-08T08:55:00Z,52.96,12,10,19.88
2019-05-08T08:56:00Z,53,13,12,19.88
2019-05-08T08:58:00Z,53.09,14,11,19.91
2019-05-08T08:59:00Z,53.06,13,12,19.93
2019-05-08T09:00:00Z,52.95,15,11,19.96
2019-05-08T09:01:00Z,52.67,13,11,19.98
2019-05-08T09:02:00Z,52.58,12,10,19.99
2019-05-08T09:03:00Z,52.71,13,10,20
2019-05-08T09:04:00Z,52.73,13,11,20.02
2019-05-08T09:05:00Z,52.68,13,10,20.03
2019-05-08T09:06:00Z,52.57,10,9,20.05
2019-05-08T09:06:00Z,52.57,10,9,20.05
2019-05-08T09:07:00Z,52.61,10,9,20.06
2019-05-08T09:08:00Z,52.58,7,6,20.07
2019-05-08T09:10:00Z,52.73,5,5,20.1
2019-05-08T09:11:00Z,52.81,5,4,20.11
2019-05-08T09:11:00Z,52.81,5,4,20.11
2019-05-08T09:13:00Z,52.73,10,8,20.11
2019-05-08T09:14:00Z,53.36,11,8,20.1
2019-05-08T09:15:00Z,53.02,9,6,20.11
2019-05-08T09:16:00Z,53.58,7,6,20.11
2019-05-08T09:17:00Z,53.24,6,5,20.12
2019-05-08T09:18:00Z,52.94,8,6,20.15
2019-05-08T09:19:00Z,53.07,8,7,20.16
2019-05-08T09:20:00Z,53.6,11,9,20.18
2019-05-08T09:21:00Z,53.13,8,6,20.18
2019-05-08T09:22:00Z,53.03,7,6,20.19
2019-05-08T09:23:00Z,52.87,8,6,20.2
2019-05-08T09:24:00Z,53.01,8,7,20.22
2019-05-08T09:25:00Z,52.83,5,4,20.21
2019-05-08T09:26:00Z,52.75,7,6,20.23
2019-05-08T09:27:00Z,52.64,7,6,20.22
2019-05-08T09:28:00Z,52.81,5,5,20.22
2019-05-08T09:28:00Z,52.81,5,5,20.22
2019-05-08T09:30:00Z,52.64,6,5,20.25
2019-05-08T09:31:00Z,52.63,6,5,20.28
2019-05-08T09:32:00Z,52.75,6,4,20.28
2019-05-08T09:33:00Z,52.87,7,5,20.27
2019-05-08T09:34:00Z,52.87,5,3,20.28
2019-05-08T09:35:00Z,52.68,6,4,20.29
2019-05-08T09:35:00Z,52.68,6,4,20.29
2019-05-08T09:37:00Z,52.63,6,5,20.3
2019-05-08T09:38:00Z,52.55,8,6,20.31
2019-05-08T09:39:00Z,52.38,4,3,20.3
2019-05-08T09:40:00Z,52.51,5,4,20.31
2019-05-08T09:41:00Z,52.33,6,4,20.32
2019-05-08T09:42:00Z,52.51,5,4,20.32
2019-05-08T09:43:00Z,52.52,5,4,20.33
2019-05-08T09:44:00Z,52.41,7,5,20.35
2019-05-08T09:45:00Z,52.35,4,4,20.36
2019-05-08T09:46:00Z,52.28,5,4,20.38
2019-05-08T09:47:00Z,52.33,4,3,20.41
2019-05-08T09:48:00Z,52.1,4,3,20.41
2019-05-08T09:49:00Z,52.13,3,3,20.43
2019-05-08T09:49:00Z,52.13,3,3,20.43
2019-05-08T09:51:00Z,52.05,5,4,20.45
2019-05-08T09:52:00Z,51.99,5,4,20.46
2019-05-08T09:53:00Z,52.15,6,4,20.47
2019-05-08T09:53:00Z,52.15,6,4,20.47
2019-05-08T09:55:00Z,51.72,6,4,20.54
2019-05-08T09:56:00Z,51.79,4,3,20.55
2019-05-08T09:57:00Z,51.82,6,4,20.57
2019-05-08T09:58:00Z,51.95,5,5,20.6
2019-05-08T09:59:00Z,51.75,6,5,20.61
2019-05-08T10:00:00Z,51.62,6,4,20.64
2019-05-08T10:01:00Z,51.48,7,4,20.64
2019-05-08T10:02:00Z,51.46,4,4,20.64
2019-05-08T10:03:00Z,51.53,5,5,20.64
2019-05-08T10:04:00Z,51.45,6,4,20.64
2019-05-08T10:05:00Z,51.43,4,4,20.62
2019-05-08T10:06:00Z,51.51,5,4,20.55
2019-05-08T10:07:00Z,51.78,4,3,20.52
2019-05-08T10:08:00Z,51.84,5,4,20.52
2019-05-08T10:08:00Z,51.84,5,4,20.52
2019-05-08T10:10:00Z,51.8,4,3,20.52
2019-05-08T10:11:00Z,51.98,4,2,20.53
